CODIGO_DEPARTAMENTO,NOMBRE_DEPARTAMENTO,NOMBRE_MUNICIPIO,CODIGO_MUNICIPIO,TIPO,LATITUD,LONGITUD
5,ANTIOQUIA,MEDELLÍN,5001,Municipio,6.257590259,-75.61103107
5,ANTIOQUIA,ABEJORRAL,5002,Municipio,5.803728154,-75.43847353
5,ANTIOQUIA,ABRIAQUÍ,5004,Municipio,6.627569378,-76.08597756
5,ANTIOQUIA,ALEJANDRÍA,5021,Municipio,6.365534125,-75.09059702
5,ANTIOQUIA,AMAGÁ,5030,Municipio,6.032921994,-75.7080031
5,ANTIOQUIA,AMALFI,5031,Municipio,6.977788843,-74.9812393
5,ANTIOQUIA,ANDES,5034,Municipio,5.604993248,-75.94128391
5,ANTIOQUIA,ANGELÓPOLIS,5036,Municipio,6.121430303,-75.71594966
5,ANTIOQUIA,ANGOSTURA,5038,Municipio,6.861498764,-75.358316
5,ANTIOQUIA,ANORÍ,5040,Municipio,7.193110778,-75.10848954
5,ANTIOQUIA,SANTA FÉ DE ANTIOQUIA,5042,Municipio,6.535711576,-75.90426658
5,ANTIOQUIA,ANZÁ,5044,Municipio,6.293546613,-75.91736927
5,ANTIOQUIA,APARTADÓ,5045,Municipio,7.86047815,-76.58236264
5,ANTIOQUIA,ARBOLETES,5051,Municipio,8.611395262,-76.41478317
5,ANTIOQUIA,ARGELIA,5055,Municipio,5.708114524,-75.09469795
5,ANTIOQUIA,ARMENIA,5059,Municipio,6.163683758,-75.80995528
5,ANTIOQUIA,BARBOSA,5079,Municipio,6.443417935,-75.32924085
5,ANTIOQUIA,BELMIRA,5086,Municipio,6.665853953,-75.68621659
5,ANTIOQUIA,BELLO,5088,Municipio,6.358841086,-75.58973588
5,ANTIOQUIA,BETANIA,5091,Municipio,5.727081285,-75.98689107
5,ANTIOQUIA,BETULIA,5093,Municipio,6.185783612,-75.95649246
5,ANTIOQUIA,CIUDAD BOLÍVAR,5101,Municipio,5.840995666,-76.01065253
5,ANTIOQUIA,BRICEÑO,5107,Municipio,7.111788462,-75.56223474
5,ANTIOQUIA,BURITICÁ,5113,Municipio,6.80906489,-75.91206595
5,ANTIOQUIA,CÁCERES,5120,Municipio,7.665155105,-75.22369744
5,ANTIOQUIA,CAICEDO,5125,Municipio,6.423463639,-75.99351498
5,ANTIOQUIA,CALDAS,5129,Municipio,6.054446841,-75.62642674
5,ANTIOQUIA,CAMPAMENTO,5134,Municipio,7.036017478,-75.28766178
5,ANTIOQUIA,CAÑASGORDAS,5138,Municipio,6.814950023,-76.02689632
5,ANTIOQUIA,CARACOLÍ,5142,Municipio,6.33797388,-74.73354817
5,ANTIOQUIA,CARAMANTA,5145,Municipio,5.555275296,-75.63082096
5,ANTIOQUIA,CAREPA,5147,Municipio,7.757967437,-76.64374657
5,ANTIOQUIA,EL CARMEN DE VIBORAL,5148,Municipio,5.978078841,-75.2635361
5,ANTIOQUIA,CAROLINA,5150,Municipio,6.754821442,-75.30590654
5,ANTIOQUIA,CAUCASIA,5154,Municipio,7.867941792,-75.03501824
5,ANTIOQUIA,CHIGORODÓ,5172,Municipio,7.631665644,-76.63964213
5,ANTIOQUIA,CISNEROS,5190,Municipio,6.550065431,-75.08254116
5,ANTIOQUIA,COCORNÁ,5197,Municipio,6.005593074,-75.16015403
5,ANTIOQUIA,CONCEPCIÓN,5206,Municipio,6.376106187,-75.21785901
5,ANTIOQUIA,CONCORDIA,5209,Municipio,6.057468678,-75.90014678
5,ANTIOQUIA,COPACABANA,5212,Municipio,6.351882893,-75.50075633
5,ANTIOQUIA,DABEIBA,5234,Municipio,6.992243782,-76.31426328
5,ANTIOQUIA,DONMATÍAS,5237,Municipio,6.492403905,-75.42227687
5,ANTIOQUIA,EBÉJICO,5240,Municipio,6.326444922,-75.78331175
5,ANTIOQUIA,EL BAGRE,5250,Municipio,7.704633351,-74.66427726
5,ANTIOQUIA,ENTRERRÍOS,5264,Municipio,6.594656004,-75.55913083
5,ANTIOQUIA,ENVIGADO,5266,Municipio,6.154394922,-75.54686779
5,ANTIOQUIA,FREDONIA,5282,Municipio,5.887702934,-75.67926242
5,ANTIOQUIA,FRONTINO,5284,Municipio,6.691364773,-76.33199656
5,ANTIOQUIA,GIRALDO,5306,Municipio,6.663095863,-75.94804663
5,ANTIOQUIA,GIRARDOTA,5308,Municipio,6.379745895,-75.44795744
5,ANTIOQUIA,GÓMEZ PLATA,5310,Municipio,6.709562839,-75.19270291
5,ANTIOQUIA,GRANADA,5313,Municipio,6.123380721,-75.12763646
5,ANTIOQUIA,GUADALUPE,5315,Municipio,6.861576325,-75.22591303
5,ANTIOQUIA,GUARNE,5318,Municipio,6.266625703,-75.43730801
5,ANTIOQUIA,GUATAPÉ,5321,Municipio,6.236329826,-75.15651272
5,ANTIOQUIA,HELICONIA,5347,Municipio,6.214511788,-75.74971002
5,ANTIOQUIA,HISPANIA,5353,Municipio,5.797039002,-75.90669203
5,ANTIOQUIA,ITAGÜÍ,5360,Municipio,6.179279438,-75.6142037
5,ANTIOQUIA,ITUANGO,5361,Municipio,7.341549718,-75.67842277
5,ANTIOQUIA,JARDÍN,5364,Municipio,5.574444339,-75.81842575
5,ANTIOQUIA,JERICÓ,5368,Municipio,5.769820536,-75.76488256
5,ANTIOQUIA,LA CEJA,5376,Municipio,5.992524843,-75.43086935
5,ANTIOQUIA,LA ESTRELLA,5380,Municipio,6.137595883,-75.64895499
5,ANTIOQUIA,LA PINTADA,5390,Municipio,5.746583958,-75.60220206
5,ANTIOQUIA,LA UNIÓN,5400,Municipio,5.940434685,-75.35429023
5,ANTIOQUIA,LIBORINA,5411,Municipio,6.723990935,-75.78300046
5,ANTIOQUIA,MACEO,5425,Municipio,6.534573585,-74.71410854
5,ANTIOQUIA,MARINILLA,5440,Municipio,6.18520515,-75.30487933
5,ANTIOQUIA,MONTEBELLO,5467,Municipio,5.916853903,-75.51972693
5,ANTIOQUIA,MURINDÓ,5475,Municipio,6.828773855,-76.70861349
5,ANTIOQUIA,MUTATÁ,5480,Municipio,7.329557848,-76.4630657
5,ANTIOQUIA,NARIÑO,5483,Municipio,5.581275312,-75.19457019
5,ANTIOQUIA,NECOCLÍ,5490,Municipio,8.493728551,-76.67699588
5,ANTIOQUIA,NECHÍ,5495,Municipio,7.983477394,-74.65844186
5,ANTIOQUIA,OLAYA,5501,Municipio,6.611418083,-75.77567097
5,ANTIOQUIA,PEÑOL,5541,Municipio,6.232396368,-75.22350906
5,ANTIOQUIA,PEQUE,5543,Municipio,7.044180058,-75.88968843
5,ANTIOQUIA,PUEBLORRICO,5576,Municipio,5.80970186,-75.86076667
5,ANTIOQUIA,PUERTO BERRÍO,5579,Municipio,6.481922267,-74.5287421
5,ANTIOQUIA,PUERTO NARE,5585,Municipio,6.126539139,-74.70317722
5,ANTIOQUIA,PUERTO TRIUNFO,5591,Municipio,5.954830151,-74.6861918
5,ANTIOQUIA,REMEDIOS,5604,Municipio,6.997267375,-74.55865652
5,ANTIOQUIA,RETIRO,5607,Municipio,6.053444254,-75.51573805
5,ANTIOQUIA,RIONEGRO,5615,Municipio,6.150785807,-75.41076052
5,ANTIOQUIA,SABANALARGA,5628,Municipio,6.901000506,-75.79222754
5,ANTIOQUIA,SABANETA,5631,Municipio,6.138305183,-75.60880599
5,ANTIOQUIA,SALGAR,5642,Municipio,5.970502334,-75.98137251
5,ANTIOQUIA,SAN ANDRÉS DE CUERQUÍA,5647,Municipio,6.918427233,-75.6657758
5,ANTIOQUIA,SAN CARLOS,5649,Municipio,6.193789659,-74.90732769
5,ANTIOQUIA,SAN FRANCISCO,5652,Municipio,5.840093731,-74.98176334
5,ANTIOQUIA,SAN JERÓNIMO,5656,Municipio,6.438300409,-75.70310727
5,ANTIOQUIA,SAN JOSÉ DE LA MONTAÑA,5658,Municipio,6.823258913,-75.67770826
5,ANTIOQUIA,SAN JUAN DE URABÁ,5659,Municipio,8.707141583,-76.53248234
5,ANTIOQUIA,SAN LUIS,5660,Municipio,6.024205956,-75.0076674
5,ANTIOQUIA,SAN PEDRO DE LOS MILAGROS,5664,Municipio,6.458666308,-75.5624839
5,ANTIOQUIA,SAN PEDRO DE URABÁ,5665,Municipio,8.37915695,-76.31664233
5,ANTIOQUIA,SAN RAFAEL,5667,Municipio,6.31074453,-74.99858652
5,ANTIOQUIA,SAN ROQUE,5670,Municipio,6.466165211,-74.9450732
5,ANTIOQUIA,SAN VICENTE FERRER,5674,Municipio,6.310387522,-75.32740163
5,ANTIOQUIA,SANTA BÁRBARA,5679,Municipio,5.878984956,-75.58330371
5,ANTIOQUIA,SANTA ROSA DE OSOS,5686,Municipio,6.675827825,-75.43814333
5,ANTIOQUIA,SANTO DOMINGO,5690,Municipio,6.481044132,-75.14260097
5,ANTIOQUIA,EL SANTUARIO,5697,Municipio,6.124209495,-75.25212278
5,ANTIOQUIA,SEGOVIA,5736,Municipio,7.26692339,-74.62163926
5,ANTIOQUIA,SONSÓN,5756,Municipio,5.826388779,-74.83637623
5,ANTIOQUIA,SOPETRÁN,5761,Municipio,6.520164552,-75.74580903
5,ANTIOQUIA,TÁMESIS,5789,Municipio,5.673758571,-75.70979974
5,ANTIOQUIA,TARAZÁ,5790,Municipio,7.488875998,-75.40189438
5,ANTIOQUIA,TARSO,5792,Municipio,5.871064557,-75.82871144
5,ANTIOQUIA,TITIRIBÍ,5809,Municipio,6.058349971,-75.79966005
5,ANTIOQUIA,TOLEDO,5819,Municipio,7.016397069,-75.71363382
5,ANTIOQUIA,TURBO,5837,Municipio,8.173851745,-76.5740377
5,ANTIOQUIA,URAMITA,5842,Municipio,6.913916924,-76.13318514
5,ANTIOQUIA,URRAO,5847,Municipio,6.33534134,-76.25906482
5,ANTIOQUIA,VALDIVIA,5854,Municipio,7.265404213,-75.40094502
5,ANTIOQUIA,VALPARAÍSO,5856,Municipio,5.651937802,-75.63083412
5,ANTIOQUIA,VEGACHÍ,5858,Municipio,6.836535122,-74.7540302
5,ANTIOQUIA,VENECIA,5861,Municipio,5.956576355,-75.77722423
5,ANTIOQUIA,VIGÍA DEL FUERTE,5873,Municipio,6.453351334,-76.69504802
5,ANTIOQUIA,YALÍ,5885,Municipio,6.716870679,-74.75565002
5,ANTIOQUIA,YARUMAL,5887,Municipio,6.9881309,-75.45439957
5,ANTIOQUIA,YOLOMBÓ,5890,Municipio,6.64442786,-75.02990266
5,ANTIOQUIA,YONDÓ,5893,Municipio,6.925159318,-74.15824041
5,ANTIOQUIA,ZARAGOZA,5895,Municipio,7.474004006,-74.85848326
8,ATLÁNTICO,BARRANQUILLA,8001,Municipio,10.98152051,-74.82771544
8,ATLÁNTICO,BARANOA,8078,Municipio,10.79329302,-74.92219491
8,ATLÁNTICO,CAMPO DE LA CRUZ,8137,Municipio,10.38405079,-74.88466039
8,ATLÁNTICO,CANDELARIA,8141,Municipio,10.48902047,-74.87756627
8,ATLÁNTICO,GALAPA,8296,Municipio,10.89771991,-74.88708788
8,ATLÁNTICO,JUAN DE ACOSTA,8372,Municipio,10.82306503,-75.07841904
8,ATLÁNTICO,LURUACO,8421,Municipio,10.63503116,-75.15402741
8,ATLÁNTICO,MALAMBO,8433,Municipio,10.84828864,-74.80617555
8,ATLÁNTICO,MANATÍ,8436,Municipio,10.45414555,-74.98477367
8,ATLÁNTICO,PALMAR DE VARELA,8520,Municipio,10.69481208,-74.7701509
8,ATLÁNTICO,PIOJÓ,8549,Municipio,10.74078959,-75.14366034
8,ATLÁNTICO,POLONUEVO,8558,Municipio,10.76740141,-74.85414844
8,ATLÁNTICO,PONEDERA,8560,Municipio,10.59465102,-74.79847316
8,ATLÁNTICO,PUERTO COLOMBIA,8573,Municipio,11.0044226,-74.9074058
8,ATLÁNTICO,REPELÓN,8606,Municipio,10.50757051,-75.12188053
8,ATLÁNTICO,SABANAGRANDE,8634,Municipio,10.79894015,-74.7687966
8,ATLÁNTICO,SABANALARGA,8638,Municipio,10.62250777,-74.95510542
8,ATLÁNTICO,SANTA LUCÍA,8675,Municipio,10.35364192,-74.96541179
8,ATLÁNTICO,SANTO TOMÁS,8685,Municipio,10.75562656,-74.78726468
8,ATLÁNTICO,SOLEDAD,8758,Municipio,10.9069066,-74.7784249
8,ATLÁNTICO,SUAN,8770,Municipio,10.31085035,-74.90713308
8,ATLÁNTICO,TUBARÁ,8832,Municipio,10.90721938,-74.98423293
8,ATLÁNTICO,USIACURÍ,8849,Municipio,10.74052266,-74.98267413
11,BOGOTÁ D.C.,BOGOTÁ D.C.,11001,Municipio,4.316107698,-74.1810727
13,BOLÍVAR,CARTAGENA DE INDIAS,13001,Municipio,10.46343362,-75.45889915
13,BOLÍVAR,ACHÍ,13006,Municipio,8.622943262,-74.47805945
13,BOLÍVAR,ALTOS DEL ROSARIO,13030,Municipio,8.757468863,-74.19515811
13,BOLÍVAR,ARENAL,13042,Municipio,8.362996158,-74.10301905
13,BOLÍVAR,ARJONA,13052,Municipio,10.16422123,-75.37121788
13,BOLÍVAR,ARROYOHONDO,13062,Municipio,10.24171805,-75.02690422
13,BOLÍVAR,BARRANCO DE LOBA,13074,Municipio,8.837077654,-74.27966531
13,BOLÍVAR,CALAMAR,13140,Municipio,10.15517098,-74.99995949
13,BOLÍVAR,CANTAGALLO,13160,Municipio,7.239229146,-74.10014043
13,BOLÍVAR,CICUCO,13188,Municipio,9.235268598,-74.68840962
13,BOLÍVAR,CÓRDOBA,13212,Municipio,9.540047515,-74.89445635
13,BOLÍVAR,CLEMENCIA,13222,Municipio,10.55663696,-75.31446653
13,BOLÍVAR,EL CARMEN DE BOLÍVAR,13244,Municipio,9.699819876,-75.15793573
13,BOLÍVAR,EL GUAMO,13248,Municipio,10.03483672,-74.92811072
13,BOLÍVAR,EL PEÑÓN,13268,Municipio,8.864818786,-73.91230147
13,BOLÍVAR,HATILLO DE LOBA,13300,Municipio,8.981717133,-74.09071902
13,BOLÍVAR,MAGANGUÉ,13430,Municipio,9.053135895,-74.70539318
13,BOLÍVAR,MAHATES,13433,Municipio,10.17821391,-75.17978161
13,BOLÍVAR,MARGARITA,13440,Municipio,9.054601889,-74.22584706
13,BOLÍVAR,MARÍA LA BAJA,13442,Municipio,9.976017168,-75.34380265
13,BOLÍVAR,MONTECRISTO,13458,Municipio,8.01710024,-74.46342911
13,BOLÍVAR,SANTA CRUZ DE MOMPOX,13468,Municipio,9.142512064,-74.54519906
13,BOLÍVAR,MORALES,13473,Municipio,8.253700061,-73.9713459
13,BOLÍVAR,NOROSÍ,13490,Municipio,8.50613476,-74.11588912
13,BOLÍVAR,PINILLOS,13549,Municipio,8.886315511,-74.40888476
13,BOLÍVAR,REGIDOR,13580,Municipio,8.672628558,-73.91450679
13,BOLÍVAR,RÍO VIEJO,13600,Municipio,8.559982465,-73.90298668
13,BOLÍVAR,SAN CRISTÓBAL,13620,Municipio,10.36972087,-75.07333835
13,BOLÍVAR,SAN ESTANISLAO,13647,Municipio,10.36468192,-75.20523487
13,BOLÍVAR,SAN FERNANDO,13650,Municipio,9.081483143,-74.37186647
13,BOLÍVAR,SAN JACINTO,13654,Municipio,9.835362011,-75.10609201
13,BOLÍVAR,SAN JACINTO DEL CAUCA,13655,Municipio,8.212463202,-74.75082
13,BOLÍVAR,SAN JUAN NEPOMUCENO,13657,Municipio,9.967957823,-75.06571959
13,BOLÍVAR,SAN MARTÍN DE LOBA,13667,Municipio,8.816088444,-74.00599967
13,BOLÍVAR,SAN PABLO,13670,Municipio,7.507922612,-74.10356977
13,BOLÍVAR,SANTA CATALINA,13673,Municipio,10.64981278,-75.26548463
13,BOLÍVAR,SANTA ROSA,13683,Municipio,10.46920726,-75.36116053
13,BOLÍVAR,SANTA ROSA DEL SUR,13688,Municipio,7.772519173,-74.26272843
13,BOLÍVAR,SIMITÍ,13744,Municipio,7.851315534,-73.98371609
13,BOLÍVAR,SOPLAVIENTO,13760,Municipio,10.33209031,-75.11699226
13,BOLÍVAR,TALAIGUA NUEVO,13780,Municipio,9.269516705,-74.58695233
13,BOLÍVAR,TIQUISIO,13810,Municipio,8.492345176,-74.29676139
13,BOLÍVAR,TURBACO,13836,Municipio,10.35310756,-75.37971541
13,BOLÍVAR,TURBANÁ,13838,Municipio,10.25276929,-75.43270299
13,BOLÍVAR,VILLANUEVA,13873,Municipio,10.4449132,-75.26736275
13,BOLÍVAR,ZAMBRANO,13894,Municipio,9.745147021,-74.88067037
15,BOYACÁ,TUNJA,15001,Municipio,5.518472615,-73.37801856
15,BOYACÁ,ALMEIDA,15022,Municipio,4.954825081,-73.38813425
15,BOYACÁ,AQUITANIA,15047,Municipio,5.437416373,-72.87149471
15,BOYACÁ,ARCABUCO,15051,Municipio,5.73526424,-73.42793109
15,BOYACÁ,BELÉN,15087,Municipio,6.005059265,-72.89369887
15,BOYACÁ,BERBEO,15090,Municipio,5.230936356,-73.12731944
15,BOYACÁ,BETÉITIVA,15092,Municipio,5.920858933,-72.84857876
15,BOYACÁ,BOAVITA,15097,Municipio,6.337515626,-72.62021239
15,BOYACÁ,BOYACÁ,15104,Municipio,5.439856216,-73.38136994
15,BOYACÁ,BRICEÑO,15106,Municipio,5.673229265,-73.92660705
15,BOYACÁ,BUENAVISTA,15109,Municipio,5.489399419,-73.95066255
15,BOYACÁ,BUSBANZÁ,15114,Municipio,5.843483731,-72.87574623
15,BOYACÁ,CALDAS,15131,Municipio,5.575990669,-73.88057508
15,BOYACÁ,CAMPOHERMOSO,15135,Municipio,5.006862536,-73.1446703
15,BOYACÁ,CERINZA,15162,Municipio,5.962013698,-72.96447288
15,BOYACÁ,CHINAVITA,15172,Municipio,5.202971639,-73.34048074
15,BOYACÁ,CHIQUINQUIRÁ,15176,Municipio,5.622488024,-73.80424531
15,BOYACÁ,CHISCAS,15180,Municipio,6.68911806,-72.41795675
15,BOYACÁ,CHITA,15183,Municipio,6.091468485,-72.43903174
15,BOYACÁ,CHITARAQUE,15185,Municipio,5.984394625,-73.42582375
15,BOYACÁ,CHIVATÁ,15187,Municipio,5.556830465,-73.26061715
15,BOYACÁ,CIÉNEGA,15189,Municipio,5.393059633,-73.28205772
15,BOYACÁ,CÓMBITA,15204,Municipio,5.667822366,-73.32137049
15,BOYACÁ,COPER,15212,Municipio,5.452461072,-74.05996578
15,BOYACÁ,CORRALES,15215,Municipio,5.82454582,-72.84544845
15,BOYACÁ,COVARACHÍA,15218,Municipio,6.519521476,-72.74020421
15,BOYACÁ,CUBARÁ,15223,Municipio,6.886954878,-72.18156285
15,BOYACÁ,CUCAITA,15224,Municipio,5.527104109,-73.44598646
15,BOYACÁ,CUÍTIVA,15226,Municipio,5.58775449,-72.93953686
15,BOYACÁ,CHÍQUIZA,15232,Municipio,5.643075648,-73.44562391
15,BOYACÁ,CHIVOR,15236,Municipio,4.871181606,-73.36142379
15,BOYACÁ,DUITAMA,15238,Municipio,5.890602515,-73.06709484
15,BOYACÁ,EL COCUY,15244,Municipio,6.353363177,-72.41923752
15,BOYACÁ,EL ESPINO,15248,Municipio,6.508240556,-72.48049625
15,BOYACÁ,FIRAVITOBA,15272,Municipio,5.67367659,-73.01983352
15,BOYACÁ,FLORESTA,15276,Municipio,5.85899211,-72.92499827
15,BOYACÁ,GACHANTIVÁ,15293,Municipio,5.744105975,-73.5426552
15,BOYACÁ,GÁMEZA,15296,Municipio,5.799050256,-72.72964765
15,BOYACÁ,GARAGOA,15299,Municipio,5.089466651,-73.31430272
15,BOYACÁ,GUACAMAYAS,15317,Municipio,6.445438546,-72.51635332
15,BOYACÁ,GUATEQUE,15322,Municipio,5.01450831,-73.48812352
15,BOYACÁ,GUAYATÁ,15325,Municipio,4.931424341,-73.49663372
15,BOYACÁ,GÜICÁN DE LA SIERRA,15332,Municipio,6.566991765,-72.25599334
15,BOYACÁ,IZA,15362,Municipio,5.617366016,-72.96986504
15,BOYACÁ,JENESANO,15367,Municipio,5.38916272,-73.40087021
15,BOYACÁ,JERICÓ,15368,Municipio,6.155633662,-72.58523093
15,BOYACÁ,LABRANZAGRANDE,15377,Municipio,5.541378132,-72.5903846
15,BOYACÁ,LA CAPILLA,15380,Municipio,5.113167102,-73.45923708
15,BOYACÁ,LA VICTORIA,15401,Municipio,5.507008121,-74.24162727
15,BOYACÁ,LA UVITA,15403,Municipio,6.265126191,-72.55551085
15,BOYACÁ,VILLA DE LEYVA,15407,Municipio,5.665762424,-73.514948
15,BOYACÁ,MACANAL,15425,Municipio,4.980176495,-73.29413695
15,BOYACÁ,MARIPÍ,15442,Municipio,5.569810633,-74.02003127
15,BOYACÁ,MIRAFLORES,15455,Municipio,5.150953297,-73.17896722
15,BOYACÁ,MONGUA,15464,Municipio,5.710937981,-72.63402875
15,BOYACÁ,MONGUÍ,15466,Municipio,5.697352228,-72.83298664
15,BOYACÁ,MONIQUIRÁ,15469,Municipio,5.863370485,-73.55852538
15,BOYACÁ,MOTAVITA,15476,Municipio,5.606192449,-73.37734267
15,BOYACÁ,MUZO,15480,Municipio,5.539429272,-74.11177139
15,BOYACÁ,NOBSA,15491,Municipio,5.778759851,-72.93268324
15,BOYACÁ,NUEVO COLÓN,15494,Municipio,5.354701485,-73.44873424
15,BOYACÁ,OICATÁ,15500,Municipio,5.610787844,-73.27991905
15,BOYACÁ,OTANCHE,15507,Municipio,5.753787787,-74.19719423
15,BOYACÁ,PACHAVITA,15511,Municipio,5.148323877,-73.39951219
15,BOYACÁ,PÁEZ,15514,Municipio,5.095211035,-73.00435863
15,BOYACÁ,PAIPA,15516,Municipio,5.762027786,-73.13777442
15,BOYACÁ,PAJARITO,15518,Municipio,5.382328949,-72.69672674
15,BOYACÁ,PANQUEBA,15522,Municipio,6.443299758,-72.46182431
15,BOYACÁ,PAUNA,15531,Municipio,5.688801559,-74.00504122
15,BOYACÁ,PAYA,15533,Municipio,5.621242742,-72.3692906
15,BOYACÁ,PAZ DE RÍO,15537,Municipio,6.030008561,-72.75988018
15,BOYACÁ,PESCA,15542,Municipio,5.498483324,-73.07837993
15,BOYACÁ,PISBA,15550,Municipio,5.768131812,-72.43993232
15,BOYACÁ,PUERTO BOYACÁ,15572,Municipio,5.953466654,-74.4528581
15,BOYACÁ,QUÍPAMA,15580,Municipio,5.595729831,-74.26857067
15,BOYACÁ,RAMIRIQUÍ,15599,Municipio,5.319934092,-73.310779
15,BOYACÁ,RÁQUIRA,15600,Municipio,5.496268621,-73.62894438
15,BOYACÁ,RONDÓN,15621,Municipio,5.379947879,-73.19650995
15,BOYACÁ,SABOYÁ,15632,Municipio,5.699926051,-73.74799466
15,BOYACÁ,SÁCHICA,15638,Municipio,5.573464882,-73.543102
15,BOYACÁ,SAMACÁ,15646,Municipio,5.47053997,-73.5211756
15,BOYACÁ,SAN EDUARDO,15660,Municipio,5.234614686,-73.04914067
15,BOYACÁ,SAN JOSÉ DE PARE,15664,Municipio,5.994154088,-73.54386522
15,BOYACÁ,SAN LUIS DE GACENO,15667,Municipio,4.798203543,-73.13397018
15,BOYACÁ,SAN MATEO,15673,Municipio,6.395388812,-72.55184862
15,BOYACÁ,SAN MIGUEL DE SEMA,15676,Municipio,5.532326922,-73.74715898
15,BOYACÁ,SAN PABLO DE BORBUR,15681,Municipio,5.677345066,-74.11403749
15,BOYACÁ,SANTANA,15686,Municipio,6.057614971,-73.48974828
15,BOYACÁ,SANTA MARÍA,15690,Municipio,4.823002556,-73.25377506
15,BOYACÁ,SANTA ROSA DE VITERBO,15693,Municipio,5.892950301,-72.9917278
15,BOYACÁ,SANTA SOFÍA,15696,Municipio,5.731602716,-73.60366287
15,BOYACÁ,SATIVANORTE,15720,Municipio,6.13211793,-72.73032415
15,BOYACÁ,SATIVASUR,15723,Municipio,6.083405978,-72.72410815
15,BOYACÁ,SIACHOQUE,15740,Municipio,5.498747701,-73.21681778
15,BOYACÁ,SOATÁ,15753,Municipio,6.323088045,-72.69604089
15,BOYACÁ,SOCOTÁ,15755,Municipio,5.906513772,-72.53646361
15,BOYACÁ,SOCHA,15757,Municipio,5.960498836,-72.68239784
15,BOYACÁ,SOGAMOSO,15759,Municipio,5.646672053,-72.8709565
15,BOYACÁ,SOMONDOCO,15761,Municipio,4.970974064,-73.42878785
15,BOYACÁ,SORA,15762,Municipio,5.580573191,-73.44371838
15,BOYACÁ,SOTAQUIRÁ,15763,Municipio,5.763010553,-73.24352232
15,BOYACÁ,SORACÁ,15764,Municipio,5.494890461,-73.31899997
15,BOYACÁ,SUSACÓN,15774,Municipio,6.215200578,-72.71575634
15,BOYACÁ,SUTAMARCHÁN,15776,Municipio,5.640030759,-73.62598773
15,BOYACÁ,SUTATENZA,15778,Municipio,5.030711335,-73.41224401
15,BOYACÁ,TASCO,15790,Municipio,5.882294313,-72.72626817
15,BOYACÁ,TENZA,15798,Municipio,5.071413139,-73.42479699
15,BOYACÁ,TIBANÁ,15804,Municipio,5.301116649,-73.3932521
15,BOYACÁ,TIBASOSA,15806,Municipio,5.747329389,-73.01114724
15,BOYACÁ,TINJACÁ,15808,Municipio,5.577566497,-73.67614572
15,BOYACÁ,TIPACOQUE,15810,Municipio,6.42035349,-72.69463583
15,BOYACÁ,TOCA,15814,Municipio,5.580254287,-73.1606969
15,BOYACÁ,TOGÜÍ,15816,Municipio,5.921830062,-73.48921806
15,BOYACÁ,TÓPAGA,15820,Municipio,5.765350303,-72.83672958
15,BOYACÁ,TOTA,15822,Municipio,5.501297215,-72.99633297
15,BOYACÁ,TUNUNGUÁ,15832,Municipio,5.720301516,-73.94330927
15,BOYACÁ,TURMEQUÉ,15835,Municipio,5.305697418,-73.50908714
15,BOYACÁ,TUTA,15837,Municipio,5.678126998,-73.17343053
15,BOYACÁ,TUTAZÁ,15839,Municipio,6.078051903,-72.85707832
15,BOYACÁ,ÚMBITA,15842,Municipio,5.217241368,-73.46338477
15,BOYACÁ,VENTAQUEMADA,15861,Municipio,5.383385481,-73.52097942
15,BOYACÁ,VIRACACHÁ,15879,Municipio,5.440558216,-73.26627456
15,BOYACÁ,ZETAQUIRA,15897,Municipio,5.285635983,-73.16763091
17,CALDAS,MANIZALES,17001,Municipio,5.08343301,-75.50727881
17,CALDAS,AGUADAS,17013,Municipio,5.616204006,-75.4554471
17,CALDAS,ANSERMA,17042,Municipio,5.20029922,-75.75289078
17,CALDAS,ARANZAZU,17050,Municipio,5.265539969,-75.47392619
17,CALDAS,BELALCÁZAR,17088,Municipio,4.99467728,-75.81225989
17,CALDAS,CHINCHINÁ,17174,Municipio,4.974340569,-75.65954686
17,CALDAS,FILADELFIA,17272,Municipio,5.285743777,-75.58978784
17,CALDAS,LA DORADA,17380,Municipio,5.410515691,-74.72114262
17,CALDAS,LA MERCED,17388,Municipio,5.393185716,-75.55791071
17,CALDAS,MANZANARES,17433,Municipio,5.23295391,-75.15263447
17,CALDAS,MARMATO,17442,Municipio,5.492632029,-75.60209955
17,CALDAS,MARQUETALIA,17444,Municipio,5.309142491,-75.04117892
17,CALDAS,MARULANDA,17446,Municipio,5.235585244,-75.28316648
17,CALDAS,NEIRA,17486,Municipio,5.183358589,-75.50692977
17,CALDAS,NORCASIA,17495,Municipio,5.638062349,-74.85492707
17,CALDAS,PÁCORA,17513,Municipio,5.500035035,-75.48245057
17,CALDAS,PALESTINA,17524,Municipio,5.050342543,-75.66176266
17,CALDAS,PENSILVANIA,17541,Municipio,5.407187836,-75.16683996
17,CALDAS,RIOSUCIO,17614,Municipio,5.442275418,-75.75220499
17,CALDAS,RISARALDA,17616,Municipio,5.097563816,-75.73335166
17,CALDAS,SALAMINA,17653,Municipio,5.370332425,-75.40962177
17,CALDAS,SAMANÁ,17662,Municipio,5.519692873,-74.99718577
17,CALDAS,SAN JOSÉ,17665,Municipio,5.083424513,-75.8101789
17,CALDAS,SUPÍA,17777,Municipio,5.45295802,-75.64035705
17,CALDAS,VICTORIA,17867,Municipio,5.447542859,-74.83622502
17,CALDAS,VILLAMARÍA,17873,Municipio,4.940211591,-75.43544014
17,CALDAS,VITERBO,17877,Municipio,5.047822054,-75.879297
18,CAQUETÁ,FLORENCIA,18001,Municipio,1.749138704,-75.55823906
18,CAQUETÁ,ALBANIA,18029,Municipio,1.22786549,-75.88232651
18,CAQUETÁ,BELÉN DE LOS ANDAQUÍES,18094,Municipio,1.536174657,-75.90947504
18,CAQUETÁ,CARTAGENA DEL CHAIRÁ,18150,Municipio,0.647693081,-74.27235499
18,CAQUETÁ,CURILLO,18205,Municipio,1.115379292,-75.97328452
18,CAQUETÁ,EL DONCELLO,18247,Municipio,1.713734697,-75.26878109
18,CAQUETÁ,EL PAUJÍL,18256,Municipio,1.476630016,-75.20231825
18,CAQUETÁ,LA MONTAÑITA,18410,Municipio,1.302860442,-75.23572732
18,CAQUETÁ,MILÁN,18460,Municipio,1.146692554,-75.38664764
18,CAQUETÁ,MORELIA,18479,Municipio,1.38299611,-75.67381123
18,CAQUETÁ,PUERTO RICO,18592,Municipio,2.018940891,-75.07308627
18,CAQUETÁ,SAN JOSÉ DEL FRAGUA,18610,Municipio,1.304702314,-76.11000594
18,CAQUETÁ,SAN VICENTE DEL CAGUÁN,18753,Municipio,1.308465061,-74.19746971
18,CAQUETÁ,SOLANO,18756,Municipio,0.096131862,-72.32036402
18,CAQUETÁ,SOLITA,18785,Municipio,0.943939454,-75.64668544
18,CAQUETÁ,VALPARAÍSO,18860,Municipio,1.07534915,-75.73779004
19,CAUCA,POPAYÁN,19001,Municipio,2.471704362,-76.59194419
19,CAUCA,ALMAGUER,19022,Municipio,1.912440521,-76.83494519
19,CAUCA,ARGELIA,19050,Municipio,2.329337283,-77.26314906
19,CAUCA,BALBOA,19075,Municipio,2.084732945,-77.2088133
19,CAUCA,BOLÍVAR,19100,Municipio,1.853951938,-76.96337454
19,CAUCA,BUENOS AIRES,19110,Municipio,2.988923885,-76.62158951
19,CAUCA,CAJIBÍO,19130,Municipio,2.643209848,-76.70138914
19,CAUCA,CALDONO,19137,Municipio,2.803845691,-76.42719377
19,CAUCA,CALOTO,19142,Municipio,3.062875557,-76.32127977
19,CAUCA,CORINTO,19212,Municipio,3.136753606,-76.20964569
19,CAUCA,EL TAMBO,19256,Municipio,2.534488312,-77.00511207
19,CAUCA,FLORENCIA,19290,Municipio,1.69453474,-77.08735723
19,CAUCA,GUACHENÉ,19300,Municipio,3.144389993,-76.39234811
19,CAUCA,GUAPI,19318,Municipio,2.41326696,-77.69047531
19,CAUCA,INZÁ,19355,Municipio,2.499058783,-76.13762531
19,CAUCA,JAMBALÓ,19364,Municipio,2.84981013,-76.31124919
19,CAUCA,LA SIERRA,19392,Municipio,2.187473572,-76.78228032
19,CAUCA,LA VEGA,19397,Municipio,2.053933426,-76.7588062
19,CAUCA,LÓPEZ DE MICAY,19418,Municipio,2.95819877,-77.24212158
19,CAUCA,MERCADERES,19450,Municipio,1.793825164,-77.18060381
19,CAUCA,MIRANDA,19455,Municipio,3.228235212,-76.21670827
19,CAUCA,MORALES,19473,Municipio,2.773663981,-76.74605152
19,CAUCA,PADILLA,19513,Municipio,3.194730618,-76.3362418
19,CAUCA,PÁEZ,19517,Municipio,2.733887702,-75.99368264
19,CAUCA,PATÍA,19532,Municipio,2.157983906,-77.0465762
19,CAUCA,PIAMONTE,19533,Municipio,1.054128816,-76.4443271
19,CAUCA,PIENDAMÓ - TUNÍA,19548,Municipio,2.702420026,-76.53770455
19,CAUCA,PUERTO TEJADA,19573,Municipio,3.266724205,-76.41846353
19,CAUCA,PURACÉ,19585,Municipio,2.262153618,-76.44826938
19,CAUCA,ROSAS,19622,Municipio,2.260421954,-76.74582033
19,CAUCA,SAN SEBASTIÁN,19693,Municipio,1.856261815,-76.71652424
19,CAUCA,SANTANDER DE QUILICHAO,19698,Municipio,2.984467338,-76.49873145
19,CAUCA,SANTA ROSA,19701,Municipio,1.52002179,-76.53876281
19,CAUCA,SILVIA,19743,Municipio,2.651291894,-76.35057356
19,CAUCA,SOTARÁ PAISPAMBA,19760,Municipio,2.231820541,-76.61146633
19,CAUCA,SUÁREZ,19780,Municipio,2.936865997,-76.7458243
19,CAUCA,SUCRE,19785,Municipio,2.057735184,-76.90993965
19,CAUCA,TIMBÍO,19807,Municipio,2.369625312,-76.71051932
19,CAUCA,TIMBIQUÍ,19809,Municipio,2.699475127,-77.49131577
19,CAUCA,TORIBÍO,19821,Municipio,2.975771999,-76.20331566
19,CAUCA,TOTORÓ,19824,Municipio,2.475213085,-76.39675937
19,CAUCA,VILLA RICA,19845,Municipio,3.180627317,-76.46445558
20,CESAR,VALLEDUPAR,20001,Municipio,10.21890277,-73.45784764
20,CESAR,AGUACHICA,20011,Municipio,8.248735219,-73.6227405
20,CESAR,AGUSTÍN CODAZZI,20013,Municipio,9.949215908,-73.22358244
20,CESAR,ASTREA,20032,Municipio,9.510727925,-73.94214641
20,CESAR,BECERRIL,20045,Municipio,9.727732939,-73.25250522
20,CESAR,BOSCONIA,20060,Municipio,9.946391309,-73.86628815
20,CESAR,CHIMICHAGUA,20175,Municipio,9.27797765,-73.84697903
20,CESAR,CHIRIGUANÁ,20178,Municipio,9.426648354,-73.54797894
20,CESAR,CURUMANÍ,20228,Municipio,9.238771332,-73.48810861
20,CESAR,EL COPEY,20238,Municipio,10.19995356,-73.91282064
20,CESAR,EL PASO,20250,Municipio,9.683474681,-73.73833778
20,CESAR,GAMARRA,20295,Municipio,8.337726622,-73.70649199
20,CESAR,GONZÁLEZ,20310,Municipio,8.405516522,-73.37537309
20,CESAR,LA GLORIA,20383,Municipio,8.588002247,-73.61602384
20,CESAR,LA JAGUA DE IBIRICO,20400,Municipio,9.52099808,-73.32249338
20,CESAR,MANAURE BALCÓN DEL CESAR,20443,Municipio,10.38027852,-73.00706275
20,CESAR,PAILITAS,20517,Municipio,8.938916143,-73.57247213
20,CESAR,PELAYA,20550,Municipio,8.764116734,-73.63295546
20,CESAR,PUEBLO BELLO,20570,Municipio,10.41736874,-73.61450632
20,CESAR,RÍO DE ORO,20614,Municipio,8.201070245,-73.48750127
20,CESAR,LA PAZ,20621,Municipio,10.24440562,-73.07824569
20,CESAR,SAN ALBERTO,20710,Municipio,7.769815987,-73.47218888
20,CESAR,SAN DIEGO,20750,Municipio,10.16952712,-73.2879827
20,CESAR,SAN MARTÍN,20770,Municipio,7.937788454,-73.54436312
20,CESAR,TAMALAMEQUE,20787,Municipio,8.902075012,-73.7633962
23,CÓRDOBA,MONTERÍA,23001,Municipio,8.584698016,-75.95055079
23,CÓRDOBA,AYAPEL,23068,Municipio,8.265768688,-75.04868436
23,CÓRDOBA,BUENAVISTA,23079,Municipio,8.191397953,-75.43382532
23,CÓRDOBA,CANALETE,23090,Municipio,8.7240958,-76.23779081
23,CÓRDOBA,CERETÉ,23162,Municipio,8.895667051,-75.87842391
23,CÓRDOBA,CHIMÁ,23168,Municipio,9.11024941,-75.65237351
23,CÓRDOBA,CHINÚ,23182,Municipio,9.053287104,-75.37387363
23,CÓRDOBA,CIÉNAGA DE ORO,23189,Municipio,8.841811894,-75.60779829
23,CÓRDOBA,COTORRA,23300,Municipio,9.071460219,-75.75459276
23,CÓRDOBA,LA APARTADA,23350,Municipio,8.052218422,-75.28816022
23,CÓRDOBA,LORICA,23417,Municipio,9.165034998,-75.90978124
23,CÓRDOBA,LOS CÓRDOBAS,23419,Municipio,8.823307063,-76.3430552
23,CÓRDOBA,MOMIL,23464,Municipio,9.265461621,-75.65090876
23,CÓRDOBA,MONTELÍBANO,23466,Municipio,7.866432635,-75.87533926
23,CÓRDOBA,MOÑITOS,23500,Municipio,9.190515343,-76.11931709
23,CÓRDOBA,PLANETA RICA,23555,Municipio,8.181108488,-75.68923803
23,CÓRDOBA,PUEBLO NUEVO,23570,Municipio,8.481339568,-75.40516154
23,CÓRDOBA,PUERTO ESCONDIDO,23574,Municipio,8.988667731,-76.19405912
23,CÓRDOBA,PUERTO LIBERTADOR,23580,Municipio,7.711515736,-75.77123224
23,CÓRDOBA,PURÍSIMA DE LA CONCEPCIÓN,23586,Municipio,9.282386127,-75.72129392
23,CÓRDOBA,SAHAGÚN,23660,Municipio,8.799007016,-75.42925664
23,CÓRDOBA,SAN ANDRÉS DE SOTAVENTO,23670,Municipio,9.121296353,-75.52091711
23,CÓRDOBA,SAN ANTERO,23672,Municipio,9.359667489,-75.78700252
23,CÓRDOBA,SAN BERNARDO DEL VIENTO,23675,Municipio,9.330098329,-75.97623858
23,CÓRDOBA,SAN CARLOS,23678,Municipio,8.706464263,-75.69251825
23,CÓRDOBA,SAN JOSÉ DE URÉ,23682,Municipio,7.753054395,-75.5672474
23,CÓRDOBA,SAN PELAYO,23686,Municipio,8.987777392,-75.90958771
23,CÓRDOBA,TIERRALTA,23807,Municipio,7.813896829,-76.16846678
23,CÓRDOBA,TUCHÍN,23815,Municipio,9.224630803,-75.54410593
23,CÓRDOBA,VALENCIA,23855,Municipio,8.219904128,-76.2213286
25,CUNDINAMARCA,AGUA DE DIOS,25001,Municipio,4.372744676,-74.67111051
25,CUNDINAMARCA,ALBÁN,25019,Municipio,4.891121638,-74.44278432
25,CUNDINAMARCA,ANAPOIMA,25035,Municipio,4.559962881,-74.5256953
25,CUNDINAMARCA,ANOLAIMA,25040,Municipio,4.789313614,-74.46194256
25,CUNDINAMARCA,ARBELÁEZ,25053,Municipio,4.232786985,-74.39576291
25,CUNDINAMARCA,BELTRÁN,25086,Municipio,4.791721105,-74.71491399
25,CUNDINAMARCA,BITUIMA,25095,Municipio,4.847821091,-74.52862766
25,CUNDINAMARCA,BOJACÁ,25099,Municipio,4.705576252,-74.3354077
25,CUNDINAMARCA,CABRERA,25120,Municipio,3.91861924,-74.44615606
25,CUNDINAMARCA,CACHIPAY,25123,Municipio,4.723063341,-74.45919528
25,CUNDINAMARCA,CAJICÁ,25126,Municipio,4.930402779,-74.02985115
25,CUNDINAMARCA,CAPARRAPÍ,25148,Municipio,5.381501399,-74.52123595
25,CUNDINAMARCA,CÁQUEZA,25151,Municipio,4.402259457,-73.94482435
25,CUNDINAMARCA,CARMEN DE CARUPA,25154,Municipio,5.338856556,-73.92614817
25,CUNDINAMARCA,CHAGUANÍ,25168,Municipio,4.95425175,-74.63090139
25,CUNDINAMARCA,CHÍA,25175,Municipio,4.857823671,-74.03809539
25,CUNDINAMARCA,CHIPAQUE,25178,Municipio,4.463746629,-74.04605246
25,CUNDINAMARCA,CHOACHÍ,25181,Municipio,4.578183896,-73.95290054
25,CUNDINAMARCA,CHOCONTÁ,25183,Municipio,5.118419271,-73.68068583
25,CUNDINAMARCA,COGUA,25200,Municipio,5.103127532,-73.97536559
25,CUNDINAMARCA,COTA,25214,Municipio,4.76754674,-74.1415583
25,CUNDINAMARCA,CUCUNUBÁ,25224,Municipio,5.230308105,-73.78001885
25,CUNDINAMARCA,EL COLEGIO,25245,Municipio,4.556947085,-74.42658478
25,CUNDINAMARCA,EL PEÑÓN,25258,Municipio,5.261728244,-74.30830564
25,CUNDINAMARCA,EL ROSAL,25260,Municipio,4.879723016,-74.23802273
25,CUNDINAMARCA,FACATATIVÁ,25269,Municipio,4.834052334,-74.3380229
25,CUNDINAMARCA,FÓMEQUE,25279,Municipio,4.528568462,-73.79705267
25,CUNDINAMARCA,FOSCA,25281,Municipio,4.316280072,-73.95286784
25,CUNDINAMARCA,FUNZA,25286,Municipio,4.743996711,-74.19865992
25,CUNDINAMARCA,FÚQUENE,25288,Municipio,5.416288902,-73.77059829
25,CUNDINAMARCA,FUSAGASUGÁ,25290,Municipio,4.323534028,-74.38859114
25,CUNDINAMARCA,GACHALÁ,25293,Municipio,4.65495513,-73.51055381
25,CUNDINAMARCA,GACHANCIPÁ,25295,Municipio,5.01001953,-73.87671759
25,CUNDINAMARCA,GACHETÁ,25297,Municipio,4.867551134,-73.61773287
25,CUNDINAMARCA,GAMA,25299,Municipio,4.723573464,-73.60054441
25,CUNDINAMARCA,GIRARDOT,25307,Municipio,4.338154518,-74.81143922
25,CUNDINAMARCA,GRANADA,25312,Municipio,4.523484884,-74.33724619
25,CUNDINAMARCA,GUACHETÁ,25317,Municipio,5.387291542,-73.69328234
25,CUNDINAMARCA,GUADUAS,25320,Municipio,5.173554764,-74.64014651
25,CUNDINAMARCA,GUASCA,25322,Municipio,4.801276832,-73.84643485
25,CUNDINAMARCA,GUATAQUÍ,25324,Municipio,4.516381655,-74.78257788
25,CUNDINAMARCA,GUATAVITA,25326,Municipio,4.91158717,-73.78648564
25,CUNDINAMARCA,GUAYABAL DE SÍQUIMA,25328,Municipio,4.866310254,-74.4767709
25,CUNDINAMARCA,GUAYABETAL,25335,Municipio,4.231875945,-73.83543981
25,CUNDINAMARCA,GUTIÉRREZ,25339,Municipio,4.166089563,-74.0246527
25,CUNDINAMARCA,JERUSALÉN,25368,Municipio,4.571350254,-74.68915854
25,CUNDINAMARCA,JUNÍN,25372,Municipio,4.705170789,-73.69247873
25,CUNDINAMARCA,LA CALERA,25377,Municipio,4.700785443,-73.92939921
25,CUNDINAMARCA,LA MESA,25386,Municipio,4.650773167,-74.47321717
25,CUNDINAMARCA,LA PALMA,25394,Municipio,5.333400646,-74.40807863
25,CUNDINAMARCA,LA PEÑA,25398,Municipio,5.20459882,-74.40786611
25,CUNDINAMARCA,LA VEGA,25402,Municipio,4.978619842,-74.33936061
25,CUNDINAMARCA,LENGUAZAQUE,25407,Municipio,5.303637171,-73.68153228
25,CUNDINAMARCA,MACHETÁ,25426,Municipio,5.040349198,-73.61738241
25,CUNDINAMARCA,MADRID,25430,Municipio,4.75156751,-74.2896305
25,CUNDINAMARCA,MANTA,25436,Municipio,4.976881151,-73.56313741
25,CUNDINAMARCA,MEDINA,25438,Municipio,4.484437919,-73.40598487
25,CUNDINAMARCA,MOSQUERA,25473,Municipio,4.672714223,-74.23573194
25,CUNDINAMARCA,NARIÑO,25483,Municipio,4.407952015,-74.80565317
25,CUNDINAMARCA,NEMOCÓN,25486,Municipio,5.093705358,-73.88380238
25,CUNDINAMARCA,NILO,25488,Municipio,4.294780933,-74.614695
25,CUNDINAMARCA,NIMAIMA,25489,Municipio,5.121445325,-74.39737048
25,CUNDINAMARCA,NOCAIMA,25491,Municipio,5.066110761,-74.38975476
25,CUNDINAMARCA,VENECIA,25506,Municipio,4.063342074,-74.45259796
25,CUNDINAMARCA,PACHO,25513,Municipio,5.168367634,-74.16336544
25,CUNDINAMARCA,PAIME,25518,Municipio,5.387647345,-74.16395696
25,CUNDINAMARCA,PANDI,25524,Municipio,4.180497268,-74.4711213
25,CUNDINAMARCA,PARATEBUENO,25530,Municipio,4.368158959,-73.2416614
25,CUNDINAMARCA,PASCA,25535,Municipio,4.293733611,-74.27396924
25,CUNDINAMARCA,PUERTO SALGAR,25572,Municipio,5.619752748,-74.5801923
25,CUNDINAMARCA,PULÍ,25580,Municipio,4.691336253,-74.68074404
25,CUNDINAMARCA,QUEBRADANEGRA,25592,Municipio,5.09998103,-74.4945107
25,CUNDINAMARCA,QUETAME,25594,Municipio,4.334589044,-73.85264561
25,CUNDINAMARCA,QUIPILE,25596,Municipio,4.726907976,-74.55359926
25,CUNDINAMARCA,APULO,25599,Municipio,4.537711619,-74.59124656
25,CUNDINAMARCA,RICAURTE,25612,Municipio,4.307363489,-74.72943403
25,CUNDINAMARCA,SAN ANTONIO DEL TEQUENDAMA,25645,Municipio,4.599741357,-74.34490342
25,CUNDINAMARCA,SAN BERNARDO,25649,Municipio,4.140958464,-74.35397692
25,CUNDINAMARCA,SAN CAYETANO,25653,Municipio,5.314600423,-74.07232077
25,CUNDINAMARCA,SAN FRANCISCO,25658,Municipio,4.964100703,-74.27217129
25,CUNDINAMARCA,SAN JUAN DE RIOSECO,25662,Municipio,4.814537831,-74.61525985
25,CUNDINAMARCA,SASAIMA,25718,Municipio,4.946805263,-74.41230921
25,CUNDINAMARCA,SESQUILÉ,25736,Municipio,5.000633875,-73.77206544
25,CUNDINAMARCA,SIBATÉ,25740,Municipio,4.465970004,-74.26328963
25,CUNDINAMARCA,SILVANIA,25743,Municipio,4.436967141,-74.37050903
25,CUNDINAMARCA,SIMIJACA,25745,Municipio,5.509773128,-73.84519164
25,CUNDINAMARCA,SOACHA,25754,Municipio,4.581866267,-74.24029696
25,CUNDINAMARCA,SOPÓ,25758,Municipio,4.888060112,-73.96587528
25,CUNDINAMARCA,SUBACHOQUE,25769,Municipio,4.970358034,-74.15689923
25,CUNDINAMARCA,SUESCA,25772,Municipio,5.122728461,-73.82427313
25,CUNDINAMARCA,SUPATÁ,25777,Municipio,5.061692703,-74.23138328
25,CUNDINAMARCA,SUSA,25779,Municipio,5.440092358,-73.82392529
25,CUNDINAMARCA,SUTATAUSA,25781,Municipio,5.242909347,-73.85540343
25,CUNDINAMARCA,TABIO,25785,Municipio,4.951520046,-74.08449648
25,CUNDINAMARCA,TAUSA,25793,Municipio,5.170527212,-73.95819594
25,CUNDINAMARCA,TENA,25797,Municipio,4.666608192,-74.36764956
25,CUNDINAMARCA,TENJO,25799,Municipio,4.838548601,-74.14680287
25,CUNDINAMARCA,TIBACUY,25805,Municipio,4.321357899,-74.48667274
25,CUNDINAMARCA,TIBIRITA,25807,Municipio,5.084102682,-73.51362546
25,CUNDINAMARCA,TOCAIMA,25815,Municipio,4.452072974,-74.64864406
25,CUNDINAMARCA,TOCANCIPÁ,25817,Municipio,4.968852913,-73.92887021
25,CUNDINAMARCA,TOPAIPÍ,25823,Municipio,5.355688386,-74.28963994
25,CUNDINAMARCA,UBALÁ,25839,Municipio,4.803805182,-73.47654604
25,CUNDINAMARCA,UBAQUE,25841,Municipio,4.500754182,-73.97564545
25,CUNDINAMARCA,VILLA DE SAN DIEGO DE UBATÉ,25843,Municipio,5.316080652,-73.82010566
25,CUNDINAMARCA,UNE,25845,Municipio,4.244611163,-74.11187304
25,CUNDINAMARCA,ÚTICA,25851,Municipio,5.192795708,-74.47780003
25,CUNDINAMARCA,VERGARA,25862,Municipio,5.131267542,-74.30979229
25,CUNDINAMARCA,VIANÍ,25867,Municipio,4.914040619,-74.54936655
25,CUNDINAMARCA,VILLAGÓMEZ,25871,Municipio,5.270694636,-74.19074375
25,CUNDINAMARCA,VILLAPINZÓN,25873,Municipio,5.227298709,-73.57725921
25,CUNDINAMARCA,VILLETA,25875,Municipio,5.011670402,-74.48764746
25,CUNDINAMARCA,VIOTÁ,25878,Municipio,4.436054105,-74.48543339
25,CUNDINAMARCA,YACOPÍ,25885,Municipio,5.591910157,-74.36480865
25,CUNDINAMARCA,ZIPACÓN,25898,Municipio,4.75432173,-74.38673444
25,CUNDINAMARCA,ZIPAQUIRÁ,25899,Municipio,5.06631685,-74.04960323
27,CHOCÓ,QUIBDÓ,27001,Municipio,5.7543229,-76.65015147
27,CHOCÓ,ACANDÍ,27006,Municipio,8.383938499,-77.26560256
27,CHOCÓ,ALTO BAUDÓ,27025,Municipio,5.636740989,-77.0842154
27,CHOCÓ,ATRATO,27050,Municipio,5.525825084,-76.65064357
27,CHOCÓ,BAGADÓ,27073,Municipio,5.503119772,-76.19796907
27,CHOCÓ,BAHÍA SOLANO,27075,Municipio,6.162762775,-77.41653534
27,CHOCÓ,BAJO BAUDÓ,27077,Municipio,4.492865435,-77.08271352
27,CHOCÓ,BOJAYÁ,27099,Municipio,6.474666885,-77.09933025
27,CHOCÓ,EL CANTÓN DEL SAN PABLO,27135,Municipio,5.359661967,-76.77255624
27,CHOCÓ,CARMEN DEL DARIÉN,27150,Municipio,7.033646541,-76.97423016
27,CHOCÓ,CÉRTEGUI,27160,Municipio,5.389828229,-76.52264237
27,CHOCÓ,CONDOTO,27205,Municipio,5.070586101,-76.50701751
27,CHOCÓ,EL CARMEN DE ATRATO,27245,Municipio,5.810938364,-76.19189442
27,CHOCÓ,EL LITORAL DEL SAN JUAN,27250,Municipio,4.272940191,-76.98785828
27,CHOCÓ,ISTMINA,27361,Municipio,4.586818665,-77.00090737
27,CHOCÓ,JURADÓ,27372,Municipio,7.103338868,-77.67973662
27,CHOCÓ,LLORÓ,27413,Municipio,5.585101179,-76.38544449
27,CHOCÓ,MEDIO ATRATO,27425,Municipio,6.033880098,-76.6734697
27,CHOCÓ,MEDIO BAUDÓ,27430,Municipio,5.110392243,-76.99593075
27,CHOCÓ,MEDIO SAN JUAN,27450,Municipio,4.621182739,-76.80861843
27,CHOCÓ,NÓVITA,27491,Municipio,4.853386627,-76.61823669
27,CHOCÓ,NUQUÍ,27495,Municipio,5.591359844,-77.33057439
27,CHOCÓ,RÍO IRÓ,27580,Municipio,5.190995015,-76.41996151
27,CHOCÓ,RÍO QUITO,27600,Municipio,5.567533337,-76.81157084
27,CHOCÓ,RIOSUCIO,27615,Municipio,7.389887937,-77.24067483
27,CHOCÓ,SAN JOSÉ DEL PALMAR,27660,Municipio,4.958741345,-76.28002361
27,CHOCÓ,SIPÍ,27745,Municipio,4.594415157,-76.54194459
27,CHOCÓ,TADÓ,27787,Municipio,5.26610158,-76.33109547
27,CHOCÓ,UNGUÍA,27800,Municipio,8.117281079,-77.10372723
27,CHOCÓ,UNIÓN PANAMERICANA,27810,Municipio,5.281599258,-76.61962746
41,HUILA,NEIVA,41001,Municipio,2.993360046,-75.27236232
41,HUILA,ACEVEDO,41006,Municipio,1.709114446,-75.99664184
41,HUILA,AGRADO,41013,Municipio,2.26975042,-75.71632236
41,HUILA,AIPE,41016,Municipio,3.243441923,-75.27670655
41,HUILA,ALGECIRAS,41020,Municipio,2.49785068,-75.29134946
41,HUILA,ALTAMIRA,41026,Municipio,2.07922808,-75.76858288
41,HUILA,BARAYA,41078,Municipio,3.135423634,-74.95797796
41,HUILA,CAMPOALEGRE,41132,Municipio,2.658666675,-75.32943803
41,HUILA,COLOMBIA,41206,Municipio,3.262763564,-74.78516117
41,HUILA,ELÍAS,41244,Municipio,2.022053305,-75.94430521
41,HUILA,GARZÓN,41298,Municipio,2.172441496,-75.57131243
41,HUILA,GIGANTE,41306,Municipio,2.371781539,-75.51699754
41,HUILA,GUADALUPE,41319,Municipio,1.984394016,-75.69693549
41,HUILA,HOBO,41349,Municipio,2.541654161,-75.44781083
41,HUILA,ÍQUIRA,41357,Municipio,2.691517773,-75.67383141
41,HUILA,ISNOS,41359,Municipio,1.945591321,-76.18204722
41,HUILA,LA ARGENTINA,41378,Municipio,2.156287619,-76.00679451
41,HUILA,LA PLATA,41396,Municipio,2.328076586,-76.00117299
41,HUILA,NÁTAGA,41483,Municipio,2.576066285,-75.78693757
41,HUILA,OPORAPA,41503,Municipio,2.061191362,-76.04110289
41,HUILA,PAICOL,41518,Municipio,2.40689827,-75.72803027
41,HUILA,PALERMO,41524,Municipio,2.914491967,-75.44066118
41,HUILA,PALESTINA,41530,Municipio,1.68458076,-76.1478559
41,HUILA,PITAL,41548,Municipio,2.259601773,-75.8319516
41,HUILA,PITALITO,41551,Municipio,1.848217185,-76.05217643
41,HUILA,RIVERA,41615,Municipio,2.79286115,-75.23536868
41,HUILA,SALADOBLANCO,41660,Municipio,2.100382849,-76.22897871
41,HUILA,SAN AGUSTÍN,41668,Municipio,1.924165493,-76.4165655
41,HUILA,SANTA MARÍA,41676,Municipio,2.926265937,-75.63359786
41,HUILA,SUAZA,41770,Municipio,1.870992095,-75.80798471
41,HUILA,TARQUI,41791,Municipio,2.130280544,-75.87534845
41,HUILA,TESALIA,41797,Municipio,2.526855132,-75.68259642
41,HUILA,TELLO,41799,Municipio,3.030611777,-75.08536553
41,HUILA,TERUEL,41801,Municipio,2.851852692,-75.75988934
41,HUILA,TIMANÁ,41807,Municipio,1.950715226,-75.91757649
41,HUILA,VILLAVIEJA,41872,Municipio,3.287057875,-75.13838292
41,HUILA,YAGUARÁ,41885,Municipio,2.646563339,-75.51592645
44,LA GUAJIRA,RIOHACHA,44001,Municipio,11.24297214,-72.95876315
44,LA GUAJIRA,ALBANIA,44035,Municipio,11.22869049,-72.53209657
44,LA GUAJIRA,BARRANCAS,44078,Municipio,10.94871677,-72.69696879
44,LA GUAJIRA,DIBULLA,44090,Municipio,11.09029715,-73.43568788
44,LA GUAJIRA,DISTRACCIÓN,44098,Municipio,10.92505107,-72.94444027
44,LA GUAJIRA,EL MOLINO,44110,Municipio,10.63669646,-72.8858431
44,LA GUAJIRA,FONSECA,44279,Municipio,10.8283716,-72.8018178
44,LA GUAJIRA,HATONUEVO,44378,Municipio,11.09905582,-72.73842427
44,LA GUAJIRA,LA JAGUA DEL PILAR,44420,Municipio,10.4580941,-73.07209193
44,LA GUAJIRA,MAICAO,44430,Municipio,11.38157764,-72.29500818
44,LA GUAJIRA,MANAURE,44560,Municipio,11.60554263,-72.57160392
44,LA GUAJIRA,SAN JUAN DEL CESAR,44650,Municipio,10.81311496,-73.08659986
44,LA GUAJIRA,URIBIA,44847,Municipio,11.99971986,-71.74882662
44,LA GUAJIRA,URUMITA,44855,Municipio,10.4947021,-72.98623991
44,LA GUAJIRA,VILLANUEVA,44874,Municipio,10.58364755,-72.97520286
47,MAGDALENA,SANTA MARTA,47001,Municipio,11.12189436,-73.88527855
47,MAGDALENA,ALGARROBO,47030,Municipio,10.25356475,-74.10323027
47,MAGDALENA,ARACATACA,47053,Municipio,10.64490877,-73.87972257
47,MAGDALENA,ARIGUANÍ,47058,Municipio,9.834264955,-74.08460085
47,MAGDALENA,CERRO DE SAN ANTONIO,47161,Municipio,10.3132933,-74.80834413
47,MAGDALENA,CHIVOLO,47170,Municipio,10.09951961,-74.52606667
47,MAGDALENA,CIÉNAGA,47189,Municipio,10.85754552,-74.02500493
47,MAGDALENA,CONCORDIA,47205,Municipio,10.23284801,-74.77810175
47,MAGDALENA,EL BANCO,47245,Municipio,9.114930635,-73.98105491
47,MAGDALENA,EL PIÑÓN,47258,Municipio,10.34310988,-74.67817756
47,MAGDALENA,EL RETÉN,47268,Municipio,10.65961696,-74.3251597
47,MAGDALENA,FUNDACIÓN,47288,Municipio,10.45937818,-73.88406518
47,MAGDALENA,GUAMAL,47318,Municipio,9.248004673,-74.13968085
47,MAGDALENA,NUEVA GRANADA,47460,Municipio,9.735998134,-74.32840222
47,MAGDALENA,PEDRAZA,47541,Municipio,10.15429546,-74.83178091
47,MAGDALENA,PIJIÑO DEL CARMEN,47545,Municipio,9.530748654,-74.1447657
47,MAGDALENA,PIVIJAY,47551,Municipio,10.43303399,-74.41251197
47,MAGDALENA,PLATO,47555,Municipio,9.76945611,-74.60181576
47,MAGDALENA,PUEBLOVIEJO,47570,Municipio,10.84758901,-74.36057942
47,MAGDALENA,REMOLINO,47605,Municipio,10.64860351,-74.58106823
47,MAGDALENA,SABANAS DE SAN ÁNGEL,47660,Municipio,10.10533028,-74.2644392
47,MAGDALENA,SALAMINA,47675,Municipio,10.51538178,-74.72296972
47,MAGDALENA,SAN SEBASTIÁN DE BUENAVISTA,47692,Municipio,9.380680272,-74.19797988
47,MAGDALENA,SAN ZENÓN,47703,Municipio,9.306869548,-74.35851644
47,MAGDALENA,SANTA ANA,47707,Municipio,9.503097215,-74.44419381
47,MAGDALENA,SANTA BÁRBARA DE PINTO,47720,Municipio,9.484388135,-74.66521178
47,MAGDALENA,SITIONUEVO,47745,Municipio,10.89027616,-74.62966038
47,MAGDALENA,TENERIFE,47798,Municipio,9.924701267,-74.73263001
47,MAGDALENA,ZAPAYÁN,47960,Municipio,10.11779893,-74.69115456
47,MAGDALENA,ZONA BANANERA,47980,Municipio,10.79634658,-74.17798317
50,META,VILLAVICENCIO,50001,Municipio,4.09166877,-73.49291595
50,META,ACACÍAS,50006,Municipio,3.943383008,-73.57135162
50,META,BARRANCA DE UPÍA,50110,Municipio,4.519076127,-72.99548981
50,META,CABUYARO,50124,Municipio,4.315244759,-72.95268896
50,META,CASTILLA LA NUEVA,50150,Municipio,3.805154089,-73.53886668
50,META,CUBARRAL,50223,Municipio,3.834631516,-74.06232494
50,META,CUMARAL,50226,Municipio,4.232526389,-73.31477539
50,META,EL CALVARIO,50245,Municipio,4.353769888,-73.71441684
50,META,EL CASTILLO,50251,Municipio,3.60282633,-73.89445238
50,META,EL DORADO,50270,Municipio,3.706969785,-73.83161892
50,META,FUENTE DE ORO,50287,Municipio,3.382370124,-73.59625429
50,META,GRANADA,50313,Municipio,3.441051399,-73.7611547
50,META,GUAMAL,50318,Municipio,3.947775585,-73.95983864
50,META,MAPIRIPÁN,50325,Municipio,3.117523361,-71.93805692
50,META,MESETAS,50330,Municipio,3.154771201,-74.12454824
50,META,LA MACARENA,50350,Municipio,2.161863917,-74.09488076
50,META,URIBE,50370,Municipio,3.047726858,-74.43066134
50,META,LEJANÍAS,50400,Municipio,3.614714873,-74.09628467
50,META,PUERTO CONCORDIA,50450,Municipio,2.752260112,-72.7210941
50,META,PUERTO GAITÁN,50568,Municipio,4.005034467,-71.63157429
50,META,PUERTO LÓPEZ,50573,Municipio,4.014298921,-72.64570499
50,META,PUERTO LLERAS,50577,Municipio,3.193092925,-73.23671436
50,META,PUERTO RICO,50590,Municipio,2.758083657,-73.13780171
50,META,RESTREPO,50606,Municipio,4.204310977,-73.50226037
50,META,SAN CARLOS DE GUAROA,50680,Municipio,3.84761678,-73.27583401
50,META,SAN JUAN DE ARAMA,50683,Municipio,3.289851171,-73.81635243
50,META,SAN JUANITO,50686,Municipio,4.471346322,-73.66041355
50,META,SAN MARTÍN,50689,Municipio,3.515860962,-72.65672742
50,META,VISTAHERMOSA,50711,Municipio,2.811616698,-73.66652234
52,NARIÑO,PASTO,52001,Municipio,1.083605497,-77.20610074
52,NARIÑO,ALBÁN,52019,Municipio,1.469854084,-77.06880947
52,NARIÑO,ALDANA,52022,Municipio,0.913431916,-77.69538731
52,NARIÑO,ANCUYA,52036,Municipio,1.245254077,-77.53115777
52,NARIÑO,ARBOLEDA,52051,Municipio,1.480051172,-77.12985001
52,NARIÑO,BARBACOAS,52079,Municipio,1.44563774,-78.15621072
52,NARIÑO,BELÉN,52083,Municipio,1.593645287,-77.01999366
52,NARIÑO,BUESACO,52110,Municipio,1.315215636,-77.1163664
52,NARIÑO,COLÓN,52203,Municipio,1.636334379,-77.0473156
52,NARIÑO,CONSACÁ,52207,Municipio,1.209066732,-77.44063921
52,NARIÑO,CONTADERO,52210,Municipio,0.932667458,-77.52808731
52,NARIÑO,CÓRDOBA,52215,Municipio,0.78274688,-77.36805903
52,NARIÑO,CUASPUD CARLOSAMA,52224,Municipio,0.875426999,-77.73591601
52,NARIÑO,CUMBAL,52227,Municipio,0.944223274,-77.95958446
52,NARIÑO,CUMBITARA,52233,Municipio,1.72559011,-77.59281637
52,NARIÑO,CHACHAGÜÍ,52240,Municipio,1.386497844,-77.26969022
52,NARIÑO,EL CHARCO,52250,Municipio,2.216382295,-77.99533234
52,NARIÑO,EL PEÑOL,52254,Municipio,1.512283967,-77.43050934
52,NARIÑO,EL ROSARIO,52256,Municipio,1.887689437,-77.48319589
52,NARIÑO,EL TABLÓN DE GÓMEZ,52258,Municipio,1.409430207,-76.98526959
52,NARIÑO,EL TAMBO,52260,Municipio,1.43026376,-77.38311597
52,NARIÑO,FUNES,52287,Municipio,0.957786429,-77.39532781
52,NARIÑO,GUACHUCAL,52317,Municipio,0.975037904,-77.73758941
52,NARIÑO,GUAITARILLA,52320,Municipio,1.151366658,-77.53011336
52,NARIÑO,GUALMATÁN,52323,Municipio,0.928642623,-77.58261883
52,NARIÑO,ILES,52352,Municipio,0.980534037,-77.5186573
52,NARIÑO,IMUÉS,52354,Municipio,1.07287697,-77.50150864
52,NARIÑO,IPIALES,52356,Municipio,0.497708465,-77.24047625
52,NARIÑO,LA CRUZ,52378,Municipio,1.584175998,-76.92335262
52,NARIÑO,LA FLORIDA,52381,Municipio,1.338034371,-77.42293041
52,NARIÑO,LA LLANADA,52385,Municipio,1.541847847,-77.61781608
52,NARIÑO,LA TOLA,52390,Municipio,2.56027333,-78.23506694
52,NARIÑO,LA UNIÓN,52399,Municipio,1.619697376,-77.14284622
52,NARIÑO,LEIVA,52405,Municipio,1.900862361,-77.31220073
52,NARIÑO,LINARES,52411,Municipio,1.395173084,-77.52093774
52,NARIÑO,LOS ANDES,52418,Municipio,1.672601269,-77.71054449
52,NARIÑO,MAGÜÍ,52427,Municipio,1.906858429,-78.04473644
52,NARIÑO,MALLAMA,52435,Municipio,1.155947016,-77.84664646
52,NARIÑO,MOSQUERA,52473,Municipio,2.442493698,-78.438827
52,NARIÑO,NARIÑO,52480,Municipio,1.286775273,-77.35220367
52,NARIÑO,OLAYA HERRERA,52490,Municipio,2.287856547,-78.31219024
52,NARIÑO,OSPINA,52506,Municipio,1.029815854,-77.55234944
52,NARIÑO,FRANCISCO PIZARRO,52520,Municipio,2.088531925,-78.59193099
52,NARIÑO,POLICARPA,52540,Municipio,1.735354202,-77.48134359
52,NARIÑO,POTOSÍ,52560,Municipio,0.785841088,-77.52870407
52,NARIÑO,PROVIDENCIA,52565,Municipio,1.232864821,-77.59844212
52,NARIÑO,PUERRES,52573,Municipio,0.854351651,-77.35032523
52,NARIÑO,PUPIALES,52585,Municipio,0.916769831,-77.63336954
52,NARIÑO,RICAURTE,52612,Municipio,1.147671848,-78.05811118
52,NARIÑO,ROBERTO PAYÁN,52621,Municipio,1.897581156,-78.3811163
52,NARIÑO,SAMANIEGO,52678,Municipio,1.430555262,-77.69179559
52,NARIÑO,SANDONÁ,52683,Municipio,1.288105409,-77.45670068
52,NARIÑO,SAN BERNARDO,52685,Municipio,1.529782485,-77.02070663
52,NARIÑO,SAN LORENZO,52687,Municipio,1.542139582,-77.21872693
52,NARIÑO,SAN PABLO,52693,Municipio,1.681576627,-76.97527979
52,NARIÑO,SAN PEDRO DE CARTAGO,52694,Municipio,1.536823494,-77.10140325
52,NARIÑO,SANTA BÁRBARA,52696,Municipio,2.494420411,-77.98256461
52,NARIÑO,SANTACRUZ,52699,Municipio,1.285179376,-77.7445744
52,NARIÑO,SAPUYES,52720,Municipio,1.045287475,-77.71810954
52,NARIÑO,TAMINANGO,52786,Municipio,1.591661392,-77.32525316
52,NARIÑO,TANGUA,52788,Municipio,1.064078111,-77.35063491
52,NARIÑO,SAN ANDRÉS DE TUMACO,52835,Municipio,1.574550638,-78.61540963
52,NARIÑO,TÚQUERRES,52838,Municipio,1.134440523,-77.63073238
52,NARIÑO,YACUANQUER,52885,Municipio,1.125547916,-77.42467569
54,NORTE DE SANTANDER,SAN JOSÉ DE CÚCUTA,54001,Municipio,8.112041811,-72.48862641
54,NORTE DE SANTANDER,ÁBREGO,54003,Municipio,8.019834481,-73.15850485
54,NORTE DE SANTANDER,ARBOLEDAS,54051,Municipio,7.586048164,-72.91705315
54,NORTE DE SANTANDER,BOCHALEMA,54099,Municipio,7.608509339,-72.65951909
54,NORTE DE SANTANDER,BUCARASICA,54109,Municipio,8.079802239,-72.92919926
54,NORTE DE SANTANDER,CÁCOTA,54125,Municipio,7.270560088,-72.65212153
54,NORTE DE SANTANDER,CÁCHIRA,54128,Municipio,7.684188896,-73.12939481
54,NORTE DE SANTANDER,CHINÁCOTA,54172,Municipio,7.583353136,-72.58390978
54,NORTE DE SANTANDER,CHITAGÁ,54174,Municipio,7.05161677,-72.52544746
54,NORTE DE SANTANDER,CONVENCIÓN,54206,Municipio,8.873159895,-73.20007769
54,NORTE DE SANTANDER,CUCUTILLA,54223,Municipio,7.502182366,-72.79703447
54,NORTE DE SANTANDER,DURANIA,54239,Municipio,7.746993206,-72.67208072
54,NORTE DE SANTANDER,EL CARMEN,54245,Municipio,8.867990035,-73.34585922
54,NORTE DE SANTANDER,EL TARRA,54250,Municipio,8.678263671,-73.0317597
54,NORTE DE SANTANDER,EL ZULIA,54261,Municipio,8.081200092,-72.63152118
54,NORTE DE SANTANDER,GRAMALOTE,54313,Municipio,7.906522991,-72.80705582
54,NORTE DE SANTANDER,HACARÍ,54344,Municipio,8.361831987,-73.0782633
54,NORTE DE SANTANDER,HERRÁN,54347,Municipio,7.493955781,-72.49269998
54,NORTE DE SANTANDER,LABATECA,54377,Municipio,7.218372474,-72.48281514
54,NORTE DE SANTANDER,LA ESPERANZA,54385,Municipio,7.695233593,-73.36139672
54,NORTE DE SANTANDER,LA PLAYA,54398,Municipio,8.256757875,-73.18789327
54,NORTE DE SANTANDER,LOS PATIOS,54405,Municipio,7.742291094,-72.52680784
54,NORTE DE SANTANDER,LOURDES,54418,Municipio,7.963712759,-72.8467029
54,NORTE DE SANTANDER,MUTISCUA,54480,Municipio,7.31694997,-72.76834584
54,NORTE DE SANTANDER,OCAÑA,54498,Municipio,8.206637527,-73.33765033
54,NORTE DE SANTANDER,PAMPLONA,54518,Municipio,7.379057623,-72.67590348
54,NORTE DE SANTANDER,PAMPLONITA,54520,Municipio,7.48287886,-72.63515401
54,NORTE DE SANTANDER,PUERTO SANTANDER,54553,Municipio,8.329138642,-72.41119066
54,NORTE DE SANTANDER,RAGONVALIA,54599,Municipio,7.595355974,-72.50756622
54,NORTE DE SANTANDER,SALAZAR,54660,Municipio,7.772747824,-72.86769959
54,NORTE DE SANTANDER,SAN CALIXTO,54670,Municipio,8.414441404,-73.2176038
54,NORTE DE SANTANDER,SAN CAYETANO,54673,Municipio,7.847872195,-72.60971203
54,NORTE DE SANTANDER,SANTIAGO,54680,Municipio,7.889234454,-72.7182541
54,NORTE DE SANTANDER,SARDINATA,54720,Municipio,8.215080767,-72.79580961
54,NORTE DE SANTANDER,SILOS,54743,Municipio,7.180991879,-72.78617884
54,NORTE DE SANTANDER,TEORAMA,54800,Municipio,8.760013794,-73.15714097
54,NORTE DE SANTANDER,TIBÚ,54810,Municipio,8.713507237,-72.79925855
54,NORTE DE SANTANDER,TOLEDO,54820,Municipio,7.225864961,-72.30593418
54,NORTE DE SANTANDER,VILLA CARO,54871,Municipio,7.936293173,-72.98759418
54,NORTE DE SANTANDER,VILLA DEL ROSARIO,54874,Municipio,7.718635863,-72.48361176
63,QUINDÍO,ARMENIA,63001,Municipio,4.499501128,-75.72489985
63,QUINDÍO,BUENAVISTA,63111,Municipio,4.366632382,-75.74403734
63,QUINDÍO,CALARCÁ,63130,Municipio,4.467879428,-75.65674719
63,QUINDÍO,CIRCASIA,63190,Municipio,4.604845344,-75.66688449
63,QUINDÍO,CÓRDOBA,63212,Municipio,4.395975176,-75.65132308
63,QUINDÍO,FILANDIA,63272,Municipio,4.669325347,-75.67146941
63,QUINDÍO,GÉNOVA,63302,Municipio,4.180107773,-75.76056695
63,QUINDÍO,LA TEBAIDA,63401,Municipio,4.426884849,-75.81927335
63,QUINDÍO,MONTENEGRO,63470,Municipio,4.521890945,-75.81806594
63,QUINDÍO,PIJAO,63548,Municipio,4.30397934,-75.68330417
63,QUINDÍO,QUIMBAYA,63594,Municipio,4.610273497,-75.79205087
63,QUINDÍO,SALENTO,63690,Municipio,4.611314654,-75.53092112
66,RISARALDA,PEREIRA,66001,Municipio,4.803662773,-75.79579093
66,RISARALDA,APÍA,66045,Municipio,5.139635357,-75.95353871
66,RISARALDA,BALBOA,66075,Municipio,4.918349676,-75.94275386
66,RISARALDA,BELÉN DE UMBRÍA,66088,Municipio,5.200398696,-75.86793893
66,RISARALDA,DOSQUEBRADAS,66170,Municipio,4.842021144,-75.66993655
66,RISARALDA,GUÁTICA,66318,Municipio,5.320295966,-75.80436659
66,RISARALDA,LA CELIA,66383,Municipio,4.988127679,-76.00822678
66,RISARALDA,LA VIRGINIA,66400,Municipio,4.904704187,-75.85208162
66,RISARALDA,MARSELLA,66440,Municipio,4.942936185,-75.7532139
66,RISARALDA,MISTRATÓ,66456,Municipio,5.414078141,-75.96135387
66,RISARALDA,PUEBLO RICO,66572,Municipio,5.286295408,-76.07359421
66,RISARALDA,QUINCHÍA,66594,Municipio,5.323906864,-75.71339683
66,RISARALDA,SANTA ROSA DE CABAL,66682,Municipio,4.833789828,-75.54950174
66,RISARALDA,SANTUARIO,66687,Municipio,5.076100313,-76.02286946
68,SANTANDER,BUCARAMANGA,68001,Municipio,7.155833544,-73.11156997
68,SANTANDER,AGUADA,68013,Municipio,6.182208476,-73.53038541
68,SANTANDER,ALBANIA,68020,Municipio,5.788190519,-73.79236929
68,SANTANDER,ARATOCA,68051,Municipio,6.716766585,-73.01162697
68,SANTANDER,BARBOSA,68077,Municipio,5.955617327,-73.62345229
68,SANTANDER,BARICHARA,68079,Municipio,6.647062543,-73.21518466
68,SANTANDER,BARRANCABERMEJA,68081,Municipio,7.054074558,-73.78211646
68,SANTANDER,BETULIA,68092,Municipio,7.033255886,-73.37872388
68,SANTANDER,BOLÍVAR,68101,Municipio,6.181715586,-73.92065703
68,SANTANDER,CABRERA,68121,Municipio,6.562543673,-73.25034892
68,SANTANDER,CALIFORNIA,68132,Municipio,7.331565443,-72.95131825
68,SANTANDER,CAPITANEJO,68147,Municipio,6.520200095,-72.67435203
68,SANTANDER,CARCASÍ,68152,Municipio,6.659675274,-72.56968434
68,SANTANDER,CEPITÁ,68160,Municipio,6.752465533,-72.92924629
68,SANTANDER,CERRITO,68162,Municipio,6.903923173,-72.64536324
68,SANTANDER,CHARALÁ,68167,Municipio,6.35099819,-73.06101382
68,SANTANDER,CHARTA,68169,Municipio,7.282973001,-72.97829057
68,SANTANDER,CHIMA,68176,Municipio,6.361627641,-73.40172144
68,SANTANDER,CHIPATÁ,68179,Municipio,6.067944658,-73.63239132
68,SANTANDER,CIMITARRA,68190,Municipio,6.40972961,-74.17030427
68,SANTANDER,CONCEPCIÓN,68207,Municipio,6.76062337,-72.61815735
68,SANTANDER,CONFINES,68209,Municipio,6.342314443,-73.25014013
68,SANTANDER,CONTRATACIÓN,68211,Municipio,6.303116611,-73.50211527
68,SANTANDER,COROMORO,68217,Municipio,6.234735779,-72.98176803
68,SANTANDER,CURITÍ,68229,Municipio,6.608966483,-73.05897888
68,SANTANDER,EL CARMEN DE CHUCURÍ,68235,Municipio,6.664260002,-73.56475288
68,SANTANDER,EL GUACAMAYO,68245,Municipio,6.236115743,-73.4977605
68,SANTANDER,EL PEÑÓN,68250,Municipio,6.123389691,-74.00040397
68,SANTANDER,EL PLAYÓN,68255,Municipio,7.524284721,-73.18158192
68,SANTANDER,ENCINO,68264,Municipio,6.079061224,-73.06206665
68,SANTANDER,ENCISO,68266,Municipio,6.65824115,-72.68027939
68,SANTANDER,FLORIÁN,68271,Municipio,5.801106291,-73.95524931
68,SANTANDER,FLORIDABLANCA,68276,Municipio,7.079704598,-73.0679925
68,SANTANDER,GALÁN,68296,Municipio,6.671810994,-73.32467124
68,SANTANDER,GÁMBITA,68298,Municipio,5.924383558,-73.31939934
68,SANTANDER,GIRÓN,68307,Municipio,6.976734127,-73.205267
68,SANTANDER,GUACA,68318,Municipio,6.9434341,-72.82369873
68,SANTANDER,GUADALUPE,68320,Municipio,6.233278248,-73.40977445
68,SANTANDER,GUAPOTÁ,68322,Municipio,6.319299865,-73.33115275
68,SANTANDER,GUAVATÁ,68324,Municipio,5.944894844,-73.72173671
68,SANTANDER,GÜEPSA,68327,Municipio,6.04656148,-73.57847854
68,SANTANDER,HATO,68344,Municipio,6.559878299,-73.36178841
68,SANTANDER,JESÚS MARÍA,68368,Municipio,5.872705896,-73.78997419
68,SANTANDER,JORDÁN,68370,Municipio,6.710814846,-73.1211236
68,SANTANDER,LA BELLEZA,68377,Municipio,5.895724341,-74.04676575
68,SANTANDER,LANDÁZURI,68385,Municipio,6.385234814,-73.78760899
68,SANTANDER,LA PAZ,68397,Municipio,6.21737437,-73.62977195
68,SANTANDER,LEBRIJA,68406,Municipio,7.204060063,-73.29138097
68,SANTANDER,LOS SANTOS,68418,Municipio,6.812162934,-73.10785086
68,SANTANDER,MACARAVITA,68425,Municipio,6.513745303,-72.58536492
68,SANTANDER,MÁLAGA,68432,Municipio,6.720222349,-72.73841091
68,SANTANDER,MATANZA,68444,Municipio,7.348778319,-73.05438997
68,SANTANDER,MOGOTES,68464,Municipio,6.492532315,-72.95834772
68,SANTANDER,MOLAGAVITA,68468,Municipio,6.643290559,-72.81916274
68,SANTANDER,OCAMONTE,68498,Municipio,6.355368858,-73.12211833
68,SANTANDER,OIBA,68500,Municipio,6.225596216,-73.27961515
68,SANTANDER,ONZAGA,68502,Municipio,6.335194548,-72.81205838
68,SANTANDER,PALMAR,68522,Municipio,6.525876964,-73.28247337
68,SANTANDER,PALMAS DEL SOCORRO,68524,Municipio,6.391750107,-73.28273174
68,SANTANDER,PÁRAMO,68533,Municipio,6.416631131,-73.17148232
68,SANTANDER,PIEDECUESTA,68547,Municipio,6.97082104,-73.01481196
68,SANTANDER,PINCHOTE,68549,Municipio,6.513892626,-73.17570986
68,SANTANDER,PUENTE NACIONAL,68572,Municipio,5.831129906,-73.67841815
68,SANTANDER,PUERTO PARRA,68573,Municipio,6.685278856,-73.95761256
68,SANTANDER,PUERTO WILCHES,68575,Municipio,7.398198257,-73.8354696
68,SANTANDER,RIONEGRO,68615,Municipio,7.474226085,-73.37246417
68,SANTANDER,SABANA DE TORRES,68655,Municipio,7.4065422,-73.57131807
68,SANTANDER,SAN ANDRÉS,68669,Municipio,6.796483063,-72.81613202
68,SANTANDER,SAN BENITO,68673,Municipio,6.076525355,-73.55295302
68,SANTANDER,SAN GIL,68679,Municipio,6.550778765,-73.11887911
68,SANTANDER,SAN JOAQUÍN,68682,Municipio,6.459879823,-72.85471883
68,SANTANDER,SAN JOSÉ DE MIRANDA,68684,Municipio,6.629400185,-72.73976423
68,SANTANDER,SAN MIGUEL,68686,Municipio,6.568121541,-72.64322497
68,SANTANDER,SAN VICENTE DE CHUCURÍ,68689,Municipio,6.894292346,-73.53900334
68,SANTANDER,SANTA BÁRBARA,68705,Municipio,6.988084711,-72.89608933
68,SANTANDER,SANTA HELENA DEL OPÓN,68720,Municipio,6.40890734,-73.58206609
68,SANTANDER,SIMACOTA,68745,Municipio,6.494231551,-73.45910992
68,SANTANDER,SOCORRO,68755,Municipio,6.462088241,-73.24436001
68,SANTANDER,SUAITA,68770,Municipio,6.101499739,-73.36225795
68,SANTANDER,SUCRE,68773,Municipio,5.983203734,-73.95936235
68,SANTANDER,SURATÁ,68780,Municipio,7.475402063,-72.98779966
68,SANTANDER,TONA,68820,Municipio,7.170891099,-72.93970443
68,SANTANDER,VALLE DE SAN JOSÉ,68855,Municipio,6.434578919,-73.10997171
68,SANTANDER,VÉLEZ,68861,Municipio,6.00741043,-73.69057256
68,SANTANDER,VETAS,68867,Municipio,7.322219563,-72.88156901
68,SANTANDER,VILLANUEVA,68872,Municipio,6.685867326,-73.16396916
68,SANTANDER,ZAPATOCA,68895,Municipio,6.813725566,-73.30975044
70,SUCRE,SINCELEJO,70001,Municipio,9.316673928,-75.43174967
70,SUCRE,BUENAVISTA,70110,Municipio,9.314972282,-74.98014057
70,SUCRE,CAIMITO,70124,Municipio,8.792311599,-75.13191063
70,SUCRE,COLOSÓ,70204,Municipio,9.494043427,-75.34528693
70,SUCRE,COROZAL,70215,Municipio,9.160624283,-75.23858178
70,SUCRE,COVEÑAS,70221,Municipio,9.394449802,-75.6574915
70,SUCRE,CHALÁN,70230,Municipio,9.569584598,-75.32420908
70,SUCRE,EL ROBLE,70233,Municipio,9.036231591,-75.14575038
70,SUCRE,GALERAS,70235,Municipio,9.135169096,-74.98134706
70,SUCRE,GUARANDA,70265,Municipio,8.337828523,-74.68734926
70,SUCRE,LA UNIÓN,70400,Municipio,8.811997799,-75.28322212
70,SUCRE,LOS PALMITOS,70418,Municipio,9.422380117,-75.21302191
70,SUCRE,MAJAGUAL,70429,Municipio,8.546148134,-74.71037883
70,SUCRE,MORROA,70473,Municipio,9.392496685,-75.32718744
70,SUCRE,OVEJAS,70508,Municipio,9.549655271,-75.18855916
70,SUCRE,PALMITO,70523,Municipio,9.334940293,-75.56199027
70,SUCRE,SAMPUÉS,70670,Municipio,9.165188649,-75.36027422
70,SUCRE,SAN BENITO ABAD,70678,Municipio,8.835634919,-74.96469398
70,SUCRE,SAN JUAN DE BETULIA,70702,Municipio,9.292019071,-75.21363579
70,SUCRE,SAN MARCOS,70708,Municipio,8.589220102,-75.17249955
70,SUCRE,SAN ONOFRE,70713,Municipio,9.814599536,-75.50522919
70,SUCRE,SAN PEDRO,70717,Municipio,9.396835638,-75.03741815
70,SUCRE,SAN LUIS DE SINCÉ,70742,Municipio,9.256299047,-75.09397089
70,SUCRE,SUCRE,70771,Municipio,8.814333477,-74.74753131
70,SUCRE,SANTIAGO DE TOLÚ,70820,Municipio,9.533810567,-75.53543469
70,SUCRE,SAN JOSÉ DE TOLUVIEJO,70823,Municipio,9.490297716,-75.44451115
73,TOLIMA,IBAGUÉ,73001,Municipio,4.451921427,-75.252591
73,TOLIMA,ALPUJARRA,73024,Municipio,3.390015064,-74.94078233
73,TOLIMA,ALVARADO,73026,Municipio,4.582625784,-74.98630686
73,TOLIMA,AMBALEMA,73030,Municipio,4.803365246,-74.80998676
73,TOLIMA,ANZOÁTEGUI,73043,Municipio,4.623390454,-75.20165423
73,TOLIMA,ARMERO,73055,Municipio,5.006758956,-74.84750095
73,TOLIMA,ATACO,73067,Municipio,3.37749064,-75.61373257
73,TOLIMA,CAJAMARCA,73124,Municipio,4.406971283,-75.49745918
73,TOLIMA,CARMEN DE APICALÁ,73148,Municipio,4.123416795,-74.74700246
73,TOLIMA,CASABIANCA,73152,Municipio,5.007003948,-75.19457703
73,TOLIMA,CHAPARRAL,73168,Municipio,3.743693084,-75.58986634
73,TOLIMA,COELLO,73200,Municipio,4.315603867,-74.91470256
73,TOLIMA,COYAIMA,73217,Municipio,3.775490271,-75.14720213
73,TOLIMA,CUNDAY,73226,Municipio,3.98252395,-74.68936908
73,TOLIMA,DOLORES,73236,Municipio,3.597863274,-74.80256674
73,TOLIMA,ESPINAL,73268,Municipio,4.166476969,-74.89352941
73,TOLIMA,FALAN,73270,Municipio,5.079256598,-74.95703372
73,TOLIMA,FLANDES,73275,Municipio,4.242813257,-74.83708638
73,TOLIMA,FRESNO,73283,Municipio,5.186694812,-75.05228995
73,TOLIMA,GUAMO,73319,Municipio,4.076501341,-74.97657287
73,TOLIMA,HERVEO,73347,Municipio,5.068553783,-75.24322959
73,TOLIMA,HONDA,73349,Municipio,5.179416561,-74.78303094
73,TOLIMA,ICONONZO,73352,Municipio,4.133276369,-74.53964257
73,TOLIMA,LÉRIDA,73408,Municipio,4.866034592,-74.92337178
73,TOLIMA,LÍBANO,73411,Municipio,4.877936755,-75.04763076
73,TOLIMA,SAN SEBASTIÁN DE MARIQUITA,73443,Municipio,5.235322593,-74.90668089
73,TOLIMA,MELGAR,73449,Municipio,4.193215498,-74.60517497
73,TOLIMA,MURILLO,73461,Municipio,4.826734468,-75.21993987
73,TOLIMA,NATAGAIMA,73483,Municipio,3.540518203,-75.12200999
73,TOLIMA,ORTEGA,73504,Municipio,3.937793962,-75.27824314
73,TOLIMA,PALOCABILDO,73520,Municipio,5.094035737,-75.0184505
73,TOLIMA,PIEDRAS,73547,Municipio,4.433764446,-74.99879938
73,TOLIMA,PLANADAS,73555,Municipio,3.09897343,-75.81684413
73,TOLIMA,PRADO,73563,Municipio,3.729166649,-74.87247706
73,TOLIMA,PURIFICACIÓN,73585,Municipio,3.854281614,-74.87451155
73,TOLIMA,RIOBLANCO,73616,Municipio,3.468077548,-75.85481103
73,TOLIMA,RONCESVALLES,73622,Municipio,4.097861181,-75.59428027
73,TOLIMA,ROVIRA,73624,Municipio,4.216730954,-75.34758364
73,TOLIMA,SALDAÑA,73671,Municipio,3.912542787,-75.01859762
73,TOLIMA,SAN ANTONIO,73675,Municipio,3.926088268,-75.50991004
73,TOLIMA,SAN LUIS,73678,Municipio,4.057271684,-75.16320806
73,TOLIMA,SANTA ISABEL,73686,Municipio,4.740827622,-75.20069946
73,TOLIMA,SUÁREZ,73770,Municipio,3.969210629,-74.84448738
73,TOLIMA,VALLE DE SAN JUAN,73854,Municipio,4.182125647,-75.17148237
73,TOLIMA,VENADILLO,73861,Municipio,4.70988172,-74.92089886
73,TOLIMA,VILLAHERMOSA,73870,Municipio,4.965753461,-75.15592969
73,TOLIMA,VILLARRICA,73873,Municipio,3.854384097,-74.61896623
76,VALLE DEL CAUCA,CALI,76001,Municipio,3.399043723,-76.57649259
76,VALLE DEL CAUCA,ALCALÁ,76020,Municipio,4.6788971,-75.78297932
76,VALLE DEL CAUCA,ANDALUCÍA,76036,Municipio,4.153314228,-76.16063341
76,VALLE DEL CAUCA,ANSERMANUEVO,76041,Municipio,4.795927292,-76.02963049
76,VALLE DEL CAUCA,ARGELIA,76054,Municipio,4.704287864,-76.14164999
76,VALLE DEL CAUCA,BOLÍVAR,76100,Municipio,4.393118861,-76.34982039
76,VALLE DEL CAUCA,BUENAVENTURA,76109,Municipio,3.493340766,-77.11872832
76,VALLE DEL CAUCA,GUADALAJARA DE BUGA,76111,Municipio,3.819854318,-75.98312419
76,VALLE DEL CAUCA,BUGALAGRANDE,76113,Municipio,4.196852991,-76.0896103
76,VALLE DEL CAUCA,CAICEDONIA,76122,Municipio,4.308997973,-75.83672567
76,VALLE DEL CAUCA,CALIMA,76126,Municipio,3.923271619,-76.64260484
76,VALLE DEL CAUCA,CANDELARIA,76130,Municipio,3.382091564,-76.38317663
76,VALLE DEL CAUCA,CARTAGO,76147,Municipio,4.70684716,-75.91790846
76,VALLE DEL CAUCA,DAGUA,76233,Municipio,3.649822218,-76.72039347
76,VALLE DEL CAUCA,EL ÁGUILA,76243,Municipio,4.917562873,-76.06601001
76,VALLE DEL CAUCA,EL CAIRO,76246,Municipio,4.756063701,-76.21502826
76,VALLE DEL CAUCA,EL CERRITO,76248,Municipio,3.656072873,-76.30841784
76,VALLE DEL CAUCA,EL DOVIO,76250,Municipio,4.539979729,-76.28762701
76,VALLE DEL CAUCA,FLORIDA,76275,Municipio,3.304104295,-76.16477307
76,VALLE DEL CAUCA,GINEBRA,76306,Municipio,3.74410441,-76.19082004
76,VALLE DEL CAUCA,GUACARÍ,76318,Municipio,3.759414991,-76.34518277
76,VALLE DEL CAUCA,JAMUNDÍ,76364,Municipio,3.213892389,-76.62760418
76,VALLE DEL CAUCA,LA CUMBRE,76377,Municipio,3.694303106,-76.58989905
76,VALLE DEL CAUCA,LA UNIÓN,76400,Municipio,4.537937391,-76.10328983
76,VALLE DEL CAUCA,LA VICTORIA,76403,Municipio,4.483511142,-75.96677303
76,VALLE DEL CAUCA,OBANDO,76497,Municipio,4.597588666,-75.9491997
76,VALLE DEL CAUCA,PALMIRA,76520,Municipio,3.558392876,-76.22779972
76,VALLE DEL CAUCA,PRADERA,76563,Municipio,3.42063665,-76.17841841
76,VALLE DEL CAUCA,RESTREPO,76606,Municipio,3.806494973,-76.53489853
76,VALLE DEL CAUCA,RIOFRÍO,76616,Municipio,4.109500298,-76.37105443
76,VALLE DEL CAUCA,ROLDANILLO,76622,Municipio,4.443571848,-76.16824249
76,VALLE DEL CAUCA,SAN PEDRO,76670,Municipio,3.98143244,-76.20836168
76,VALLE DEL CAUCA,SEVILLA,76736,Municipio,4.193411919,-75.88818163
76,VALLE DEL CAUCA,TORO,76823,Municipio,4.638421279,-76.08106176
76,VALLE DEL CAUCA,TRUJILLO,76828,Municipio,4.233268116,-76.34292699
76,VALLE DEL CAUCA,TULUÁ,76834,Municipio,4.02840797,-76.03250379
76,VALLE DEL CAUCA,ULLOA,76845,Municipio,4.707718947,-75.77835903
76,VALLE DEL CAUCA,VERSALLES,76863,Municipio,4.644242641,-76.25924483
76,VALLE DEL CAUCA,VIJES,76869,Municipio,3.74365889,-76.47064718
76,VALLE DEL CAUCA,YOTOCO,76890,Municipio,3.904130354,-76.39080435
76,VALLE DEL CAUCA,YUMBO,76892,Municipio,3.595913669,-76.5109879
76,VALLE DEL CAUCA,ZARZAL,76895,Municipio,4.35359875,-76.05065336
81,ARAUCA,ARAUCA,81001,Municipio,6.796280825,-70.50921153
81,ARAUCA,ARAUQUITA,81065,Municipio,6.799338394,-71.29827429
81,ARAUCA,CRAVO NORTE,81220,Municipio,6.39654349,-70.07381197
81,ARAUCA,FORTUL,81300,Municipio,6.750907234,-71.79124241
81,ARAUCA,PUERTO RONDÓN,81591,Municipio,6.411761829,-70.96678964
81,ARAUCA,SARAVENA,81736,Municipio,6.906941714,-71.85070757
81,ARAUCA,TAME,81794,Municipio,6.390650479,-71.79178647
85,CASANARE,YOPAL,85001,Municipio,5.242744761,-72.25802857
85,CASANARE,AGUAZUL,85010,Municipio,5.126121886,-72.54821017
85,CASANARE,CHÁMEZA,85015,Municipio,5.228453404,-72.86496804
85,CASANARE,HATO COROZAL,85125,Municipio,6.03948032,-71.52445752
85,CASANARE,LA SALINA,85136,Municipio,6.178282373,-72.34693377
85,CASANARE,MANÍ,85139,Municipio,4.675769488,-72.21280273
85,CASANARE,MONTERREY,85162,Municipio,4.841308642,-72.8473434
85,CASANARE,NUNCHÍA,85225,Municipio,5.529181235,-72.09251937
85,CASANARE,OROCUÉ,85230,Municipio,4.915139133,-71.59873966
85,CASANARE,PAZ DE ARIPORO,85250,Municipio,5.779915281,-70.86947037
85,CASANARE,PORE,85263,Municipio,5.663194953,-71.92580806
85,CASANARE,RECETOR,85279,Municipio,5.263068507,-72.77081831
85,CASANARE,SABANALARGA,85300,Municipio,4.81119011,-72.99580655
85,CASANARE,SÁCAMA,85315,Municipio,6.049906435,-72.21076163
85,CASANARE,SAN LUIS DE PALENQUE,85325,Municipio,5.274955665,-71.81749276
85,CASANARE,TÁMARA,85400,Municipio,5.878927424,-72.20067822
85,CASANARE,TAURAMENA,85410,Municipio,4.697463691,-72.62922436
85,CASANARE,TRINIDAD,85430,Municipio,5.354527091,-71.25479519
85,CASANARE,VILLANUEVA,85440,Municipio,4.528307719,-72.82314281
86,PUTUMAYO,MOCOA,86001,Municipio,1.26070915,-76.66584349
86,PUTUMAYO,COLÓN,86219,Municipio,1.204815876,-76.97376805
86,PUTUMAYO,ORITO,86320,Municipio,0.673756323,-76.94313923
86,PUTUMAYO,PUERTO ASÍS,86568,Municipio,0.433884539,-76.52158203
86,PUTUMAYO,PUERTO CAICEDO,86569,Municipio,0.70416861,-76.49864415
86,PUTUMAYO,PUERTO GUZMÁN,86571,Municipio,0.746432215,-75.88022979
86,PUTUMAYO,PUERTO LEGUÍZAMO,86573,Municipio,0.05947197,-75.06479327
86,PUTUMAYO,SIBUNDOY,86749,Municipio,1.228746922,-76.91307585
86,PUTUMAYO,SAN FRANCISCO,86755,Municipio,1.136071096,-76.84726661
86,PUTUMAYO,SAN MIGUEL,86757,Municipio,0.272449048,-76.84510459
86,PUTUMAYO,SANTIAGO,86760,Municipio,1.036021482,-76.97751684
86,PUTUMAYO,VALLE DEL GUAMUEZ,86865,Municipio,0.42012589,-76.77067026
86,PUTUMAYO,VILLAGARZÓN,86885,Municipio,0.911149515,-76.74495447
88,"ARCHIPIÉLAGO DE SAN ANDRÉS, PROVIDENCIA Y SANTA CATALINA",SAN ANDRÉS,88001,Isla,12.54311512,-81.71762382
88,"ARCHIPIÉLAGO DE SAN ANDRÉS, PROVIDENCIA Y SANTA CATALINA",PROVIDENCIA,88564,Municipio,13.3511096,-81.37388549
91,AMAZONAS,LETICIA,91001,Municipio,-3.530058784,-70.04513691
91,AMAZONAS,EL ENCANTO,91263,Área no municipalizada,-1.997234795,-72.72361566
91,AMAZONAS,LA CHORRERA,91405,Área no municipalizada,-1.509799605,-72.44442966
91,AMAZONAS,LA PEDRERA,91407,Área no municipalizada,-1.550256503,-69.94602815
91,AMAZONAS,LA VICTORIA,91430,Área no municipalizada,-0.125016381,-71.10487805
91,AMAZONAS,MIRITÍ - PARANÁ,91460,Área no municipalizada,-0.687037553,-71.1855046
91,AMAZONAS,PUERTO ALEGRÍA,91530,Área no municipalizada,-0.952145073,-73.75722748
91,AMAZONAS,PUERTO ARICA,91536,Área no municipalizada,-1.91085406,-71.1484049
91,AMAZONAS,PUERTO NARIÑO,91540,Municipio,-3.631323222,-70.47199039
91,AMAZONAS,PUERTO SANTANDER,91669,Área no municipalizada,-1.101032624,-71.93893358
91,AMAZONAS,TARAPACÁ,91798,Área no municipalizada,-2.451794264,-70.00651535
94,GUAINÍA,INÍRIDA,94001,Municipio,3.516363079,-68.00834728
94,GUAINÍA,BARRANCOMINAS,94343,Municipio,3.140558454,-69.69713423
94,GUAINÍA,SAN FELIPE,94883,Área no municipalizada,2.312179782,-67.52060569
94,GUAINÍA,PUERTO COLOMBIA,94884,Área no municipalizada,2.582829542,-68.25799033
94,GUAINÍA,LA GUADALUPE,94885,Área no municipalizada,1.404540273,-67.001518
94,GUAINÍA,CACAHUAL,94886,Área no municipalizada,3.38616245,-67.58507998
94,GUAINÍA,PANA PANA,94887,Área no municipalizada,1.981055294,-69.11440036
94,GUAINÍA,MORICHAL,94888,Área no municipalizada,2.421444806,-69.84001585
95,GUAVIARE,SAN JOSÉ DEL GUAVIARE,95001,Municipio,2.484286091,-71.91916993
95,GUAVIARE,CALAMAR,95015,Municipio,1.613634284,-73.0342639
95,GUAVIARE,EL RETORNO,95025,Municipio,2.143447362,-72.24364869
95,GUAVIARE,MIRAFLORES,95200,Municipio,1.363974932,-72.01810951
97,VAUPÉS,MITÚ,97001,Municipio,1.06148231,-70.46688401
97,VAUPÉS,CARURÚ,97161,Municipio,1.052762314,-71.33093035
97,VAUPÉS,PACOA,97511,Área no municipalizada,-0.00834364,-70.5433061
97,VAUPÉS,TARAIRA,97666,Municipio,-0.719822209,-69.90776202
97,VAUPÉS,PAPUNAHUA,97777,Área no municipalizada,1.569312273,-70.91166315
97,VAUPÉS,YAVARATÉ,97889,Área no municipalizada,0.833312241,-69.61867754
99,VICHADA,PUERTO CARREÑO,99001,Municipio,5.836529669,-68.14122234
99,VICHADA,LA PRIMAVERA,99524,Municipio,5.517593607,-69.62044054
99,VICHADA,SANTA ROSALÍA,99624,Municipio,4.968581012,-70.65997097
99,VICHADA,CUMARIBO,99773,Municipio,4.262454746,-69.52140484
